ls_baru_num,ls_baru_title,english_title,composer,arranger,music_notation,sda_hymnal_num,sda_hymnal_title,sda_source,ls_lama_num,ls_lama_title,toba_edition_num,toba_edition_title
1,"Di Hadapan Hadirat-Mu","Before Behovah's Awful Throne","Isaac Watts","John Hatton","2#=D 4/4",82,"Before Jehovah's Awful Throne",site,1,"Di Hadapan Hadirat-hu",1,"Puji Jahowa Na Marasi Roha"
2,"Hai Segnap Ciptaan Tuhan","All Creatures Of Our God And King","Francis of assisi","Geistliche Kirchngesange","2#=D 3/2",2,"All Creatures of Our God and King",site,,"",,""
3,"Tuhan Allah Hadir","God Himself Is With Us","Gerhand Tersteegen","Joachim Neander","1#=G 2/2",3,"God Himself Is With Us",site,,"",,""
4,"Puji Tuhan","Praise To The Lord","Joachim Neander","Wm. S. Bennett","",1,"Praise to the Lord",site,,"",,""
5,"Kasih Surga Yang Terindah","Love Divine","Charles Wesley, 1707-1778","John Zundel, 1815-1882","",191,"Love Divine",site,31,"Kasih Surga Yang Terindah",31,"Ro Ma Jesus Lao Mangalap"
6,"Tuhan Raja Di Sion","The Lord In Zion Reigneth","Fanny J. Crosby","Hart P. Danks","2#=D 4/4",7,"The Lord in Zion Reigneth",site,,"",,""
7,"Kita Berhimpun","We Gather Together","Theodore Baker","Edward Kremer","",8,"We Gather Together",site,,"",,""
8,"Sembahlah Tuhan","O Worship The Lord","J. S. B Monsell","Edwin Barnes","2#=D 3/4",6,"O Worship the Lord",site,5,"Sembahlah Allah",5,"Holong Do Debata Ama"
9,"Hai Kristen Nyanyilah","Come Christian, Join To Sing","Christian Henry Bateman","David Evans","3#=A 4/4",10,"Come Christians Join To Sing",title-match,,"",,""
10,"Betapa Teguhnya","How Firm A Foundation, Ye Saints","Rippson Selection","Wade&#39;s Cantus Diversi","1#=G 4/4",509,"How Firm A Foundation",site,13,"Teguhlah Alasan",13,"O Tuhanku Sai Patibu"
11,"Dengan Riang Kami Puji","Joyful, Joyful, We Adore Thee","Henry Van Dyke","Ludwig Van Beethoven","1# = G 4/4",12,"Joyful, Joyful, We Adore Thee",site,,"",,""
12,"Nyanyikanlah Kidung Yang Baru","New Songs Of Celebration Render","Erik Routey","Russel Eschulz-Widmar","1#=G 4/4",13,"New Songs of Celebration Render",site,,"",,""
13,"Suci, Suci, Suci","Holy, Holy, Holy","Reginald Heber","John B. Bykes","2#=D 4/4",73,"Holy, Holy, Holy",site,21,"Suci, Suci, Suci",21,"Adong Do Sahalak Na Mangondihon Au"
14,"Jika Kiranya Lidahku","O Could I Speak The Matchless","Samuel Medley","Lowell Mason","2#=D 3/4",,"",,14,"Jika Kiranya Lidahku",14,"O Tuhan Jesus Raja Ni Sude Na"
15,"Aku Senang Mencritakan","We Speak Of The Realms","Elisabeth Mills","Early American Melody","",434,"We Speak of the Realms",site,16,"Sukalah Kita Critakan",16,"Mansohot Ma Sude Hasusaan."
16,"Tuhan Bertakhta Di Surga","Lord Of All Being, Throned Afar","Oliver Wandell Holmes","Park Street L. M","",17,"Lord of All Being, Throned Afar",site,,"",,""
17,"Tuhan Lindungilah Kami","Lord, Keep Us Safe This Night","","E. Halstead","1#=G 3/4",,"",,341,"Tuhan Lindungi Kami",341,"Hujaha Di Bagasan Bibel"
18,"Pujilah Allah","O Praise Ye The Lord","Henry W. Baker","Charles H. H. Parry","",20,"O Praise Ye the Lord",site,,"",,""
19,"Hati Yesus Penuh","In The Heart Of Jesus","Alice Pugh","C. H. Forrest","1#=G 4/4",577,"In the Heart of Jesus",site,28,"Hati Yesus Penuh",28,"Alusi Ma Tuhanta Jesus Sitobus Hita"
20,"Kidung Yang Baru","O Sing A New Song To The Lord","Scotis Psalter","St. Magnus C. M","1#=G 4/4",19,"O Sing a New Song to the Lord",site,,"",,""
21,"Pada-Mu Allah Ku Puji","All People That On Earth Do Dwell","William Kethe","Louis Bourgeois","1#=G 4/4",16,"All People That on Earth Do Dwell",site,2,"Kepada Allah Bri Puji",2,"Marribu Dila Ma Muji"
22,"Hai Jiwaku Bangun Segra","Awake My Soul! Stretch Every Nerve","Philip Doddridge","Thomas A. Arne","1#=G 3/4",611,"Awake, My Soul",site,22,"Bangun, Jiwaku Dan Sedia",22,"O Godang Ni Basa Ni Ama I"
23,"Allah Yang Abadi","Immortal, Invisible, God Only Wise","Walter Chalmer Smith","Wels Melody","1#=G 3/4",21,"Immortal, Invisible, God Only Wise",site,,"",,""
24,"Dengar Lonceng Berdentang","Now The Joyful Bells A-ringing","K. E. Roberts","Wayne Hooper","2#=D 4/4",23,"Now the Joyful Bells A-Ringing",site,,"",,""
25,"Puji Tuhan Yang Mulia","Praise The Lord, His Glories Show","Henry Francis Lyte","Roberts Williams","",25,"Praise the Lord, His Glories Show",site,,"",,""
26,"Puji Tuhan Hai Manusia","Praise The Lord! You Heavens Adore Him","Edward Osler","Anon. Setting of Schiller&#39;s","",26,"Praise the Lord! You Heavens Adore Him",site,,"",,""
27,"Mari Umat Allah","Rejoice, Ye Pure In Heart","Edward H. Plumptre","Artur H. Messiter","",27,"Rejoice, Ye Pure in Heart!",site,,"",,""
28,"Kami Mau Lihat Yesus Juruselamat","We Would See Jesus","Anna B. Werner","Franklin E. Belden","",494,"We Would See Jesus",title-match,26,"Kami Mau Lihat Yesus Juruselamat",26,"Bege Ma Suraksurak"
29,"Puji Allah Yang Bertakhta","Sing Praise To God","Johann J. Schutz","Bohemian Brethren Kirchengesange","2#=D 3/2",29,"Sing Praise to God",site,,"",,""
30,"Kuduslah Nama Tuhan","Holy God, We Praise Your Name","German 18th Century","Katholisches Gesangbuch, Vienna","",30,"Holy God, We Praise Your Name",site,,"",,""
31,"Critakan Keagungan Tuhanmu","Tell Out, My Soul","Timothy Dudley-Smith","Sydney Watson","2#=D 4/4",31,"Tell Out My Soul",site,,"",,""
32,"Sembah Sujudlah Umat-Nya","With Reverence Let The Saints","Isaac Watts","William B. Bradbury","1#=G 3/4",,"",,27,"Sembah Sujudlah Umat-Nya",27,"Ndang Taboto Be Sadihari Tingkina"
33,"Nyanyikan Dengan Gembira","","W. F. Sherwin","W. F. Sherwin","",34,"Wake the Song",site,,"",,""
34,"Semua Makhluk Puji Tuhan","Let All Things Living","Katherine K. Davis","Wayne Hooper","",560,"Let All Things Now Living",title-match,,"",,""
35,"Yesus Bagaikan Gembala","Savior, Like A Shepherd","","William Bradbury","",545,"Savior, Like a Shepherd",site,41,"Yesus Spertinya Gembala",41,"Ro Ma Hamu Na Loja I"
36,"Menyanyilah Hai Jiwaku","O Sing, My Soul, Your Maker's Praise","Julius Krohn","Traditional Finnish Melody","",37,"O Sing, My Soul, Your Maker's Praise",site,,"",,""
37,"Waktu Pagi Ya Tuhanku","Lord, In The Morning","Isaac Watts","Aaron Williams","",39,"Lord, in the Morning",site,251,"Waktu Pagi Ya Tuhanku",251,"Beta Ma Hita Tu Huta Na Uli"
38,"Mari Puji Nama Yesus","All Hail The Power Of Jesus Name","Edward Perronet","Oliver Holden","1#=G 4/4",229,"All Hail the Power of Jesus' Name",site,33,"Hai Pujilah Nama Yesus",33,"Beha Do Ulaning Alusta"
39,"Puji Syukur Bagi-Nya","Let Us With A Gladsome Mind","John Milton","John Antes","",112,"Let Us With a Gladsome Mind",site,,"",,""
40,"Tuhan, Pimpinlah Aku","Saviour, Lead Me Lest I Stray","Frank M. Davis","Frank M. Davis","",,"",,38,"Tuhan, Pimpinlah Aku",38,"Digokhon Do Hita Sasude"
41,"Sambutlah Sabat Tuhan","The Dawn Of God's Dear Sabbath","Ada Cross","ST George's Bolton","",40,"The  Dawn of God's Dear Sabbath",site,,"",,""
42,"Di Dalam Kasih Allah","In Heavenly Love Abiding","Anna L. Waring","Filix Mendelssohn Bartholdy","",513,"In Heavenly Love Abiding",site,271,"Di Dalam Kasih Allah",271,"Ndang Au Kristus Do Sipatimboonta"
43,"Slamat Malam","Good Night","F. E. Belden","D. S Hakes","1#=G 4/4",,"",,255,"Slamat Malam",255,"Hami Do Parangan Advent"
44,"Allah Khalik Langit, Bumi","God, Who Made The Earth And Heaven","Reginal Heber (1983-18260)","Welsh Melody","1#=G 4/4",47,"God Who Made The Earth And Heaven",title-match,,"",,""
45,"Tlah Hampir Malam","Abide With Me","Henry F. Lyte","William H. Monk","",50,"Abide With Me",site,253,"Hampirlah Malam",253,"Bahenon Ku Ho Sijala Jolma"
46,"Matahari Terbenam","Day Is Dying In The West","Mary A. Lathbury","William F. Sherwin","1#=G 6/4",51,"Day Is Dying in the West",site,254,"Matahari Terbenam",254,"Tole Borhat Ma Suruan"
47,"Dengan Lembut Trang Siang","Softly Now The Loght Of Day","George W. Doanne","Carl M Von Weber","",48,"Softly Now the Light of Day",site,,"",,""
48,"Siang Sudah Lalu","Now The Day Is Over","Sabine Baring-Gould","Joseph Barnby","3#=A 4/4",52,"Now the Day Is Over",site,252,"Siang Sudah Lalu",,""
49,"Yesus Berkati Kami","Saviour, Breathe An Evening Blessing","James Edmesion","George C. Stebbins","",49,"Savior, Breathe an Evening Blessing",site,,"",,""
50,"Yesus Gembala, Dengarlah","Jesus, Tender Sheperd, Hear Me","Mrs. Mary Duncan","Ralph Voughan Williams","",55,"Jesus Tender Shepherd Hear Me",site,,"",,""
51,"Di Sini Yehovah Hadir","God Is Here","Fred Pratt Green","V. Taylor","",61,"God Is Here",site,,"",,""
52,"Betapa Indah Rumah-Mu","How Lovely Is Thy Dwelling Place","Scotish Psalter","Harry T. Burleigh","",62,"How Lovely Is Thy Dwelling Place",site,,"",,""
53,"Kita Berkumpul Bersatu","Great Our Joy As Now We Gather","Fred Pratt Green","Herbert Howells","",59,"Great Our Joy As Now We Gather",site,,"",,""
54,"Harap Allah Beserta Kamu","God Be With You","Jeremiah E. Rankin","William G. Tonner","",65,"God Be With You",site,273,"Harap Allah Beserta Kamu",273,"Nang Mago Pe Sude"
55,"Ya Allah Berkati Kami","Lord, Dismiss Us With Thy Blessings","John Fawcen","Tattersall&#39;s Improved Psalmody","",64,"Lord, Dismiss Us With Thy Blessing",site,58,"Ya Allah, Berkati Kami",58,"Molo Sirang Sian Tuhan"
56,"Ya Tuhan, Iringlah Kami","The Lord Be With Us As We Bend","J. Ellerto","James Walch","",,"",,54,"Ya Tuhan, Iringlah Kami",54,"Lao Pangunjunan Dohot Dosa I"
57,"Muliakan Tuhan Allah","Glory Be To The Father","","H. W. Greatorex","",660,"Glory Be to the Father",site,,"",,""
58,"Majulah Berjalan","On Our Way Rejoicing","J. S. B Monsel","Frances R. Havergal","1#=G 4/4",68,"On Our Way Rejoicing",title-match,,"",,""
59,"Tuhan Jadikanlah Kami Lebih Suci","Lord, Make Us More Holy","American Negro Spritual","Alma Blackmon","",69,"Lord Make Us More Holy",site,,"",,""
60,"Pada Akhir Kebaktian Ini","Saviour, Again To Thy Dear Name","John Ellerton","E. J. Hopkins","",,"",,57,"Pada Akhir Kebaktian Ini",57,"Dipiohon Jesus I Do Sudena"
61,"Ya, Tuhanku ,Tuntun Aku berjalan","Lead Thou Me On","Harry Armstrong","E. Abt","",,"",,36,"Tuntun Aku Agar Kakiku, Tuhan",36,"Haroro Ni Tuhan Jesus I"
62,"Lebih Besar Dari Kasih Ibu","Dearer Than All","Alfred H. Ackley","Alfred H. Ackley","",,"",,39,"Lebih Besar Dari Kasih Ibu",39,"Ise Na Di Pintu I"
63,"Sembilan Puluh Sembilan","There Were Ninety And Nine","Elizabeth C. Clephane","Ira D. Sankey","",,"",,270,"Sembilan Puluh Sembilan",270,"Di Laut Hagolapan"
64,"Tiada Lain Pelindung Seperti Yesus","I Would Like To Tell You","C. F Weigle","C. F Weigle","",,"",,40,"Tiada Lain Pelindung Sperti Yesus",40,"Manang Ise Na Umbege Hata"
65,"Pujilah Bapa","Praise Ye The Father","Elizabeth Rundle Charles","Friedrich F. Fleming","",70,"Praise Ye the Father",site,,"",,""
66,"Itu Nyata Di Hatiku","It's In My Heart","Arthur Slater","Arthur Slater","",,"",,42,"Itu Nyata Di Hatiku",42,"Hubege Didok Jesus Do"
67,"Lama Tlah Dirindu","Is Your All On The Altar","E. A. H","Elisha A. Hoffman","",,"",,48,"Lama Tlah Dirindu",48,"Baen Na Sintong"
68,"Bapa, Kami Datang","Father, We Come To Thee","F. E. Belden","W. J. Bostwick","",,"",,49,"Kami Hampiri Hu",49,"Didia Do Di Borngin On"
69,"Ku Mendengar Suara Tuhan","I Heard The Voice Of Jesus Say","Horatius Bonar","Loius Spohr","2#=D 6/8",465,"I Heard The Voice Of Jesus",title-match,47,"Ku Dengar Suara Almasih",47,"Jesus Manjouhon Asa Mulak Ho"
70,"Sempurna Dan Mulia","Like A River Glorious","Frances R. Havergal","James Mountain","",74,"Like a River Glorious",site,,"",,""
71,"Ajaiblah Terbenamnya Mentari","The Wonder Of It All","George Beverly Shea","Wonder Of It All Irregular Ref","",75,"The Wonder Of It All",title-match,,"",,""
72,"Besar Kasih-Mu Ya Allah","O Love That Wilt Not Le Me Go","George Matheson","Albert L. Peace","1#=G 4/4",76,"O Love That Wilt Not Let Me Go",site,,"",,""
73,"Kasih Allah","The Love Of God Is Greater Far","Claudia Lehman Mays","Claudia Lehman Mays","",,"",,277,"Kasih Allah",277,"Ndang Adong Tingki Manogot Na Bolong"
74,"Karna Demikian Besar Kasih-Nya","For God So Loved Us","August D. Rische","Vandeman S. M","2#=D 3/4",78,"For God So Loved Us",site,,"",,""
75,"Bersukacitalah, Tuhan Raja Surga","Rejoice The Lord Is King","Charles Wesley",Darwal&#39;s,"",221,"Rejoice, the Lord Is King",site,,"",,""
76,"Bapa Kekal Yang Slamatkan","",1/4,"Di saat dalam bahaya.","",85,"Eternal Father, Strong to Save",site,,"",,""
77,"Ya Tuhanku Sungguh Ku Terpesona","How Great Thou Art","Stuart K. Hine","Stuart K. Hine","",86,"How Great Thou Art",title-match,,"",,""
78,"Tuhan Atas Sgala Bangsa","Lord Of All Nations","Olive Wise Spannus","Melrose L.M. , Frederick C. Maker","",588,"Lord of All Nations",site,,"",,""
79,"Ku Puji Tuhan Yang Ciptakan","I Sing The Mighty Power Of God","Issac Watts","VARINA C.M.D. , G.F. Root","",88,"I Sing the Mighty Power of God",site,34,"Ku Puji Tuhan Yang Jadikan",34,"Nunga Jonok Di Pintu I"
80,"Segnap Bumi Bersoraklah","Let All On Earth Their Voices Raise","Isaac Watts","Attr to Matthaus Greiter","2#=D 4/4",89,"Let All On Earth Their Voices Raise",site,,"",,""
81,"Hai Mlaikat Suci Di Surga","Ye Watchers And Ye Holy Ones","Athestan Riley","Arr. by Ralph Voughan Williams","",91,"Ye Watchers and Ye Holy Ones",site,,"",,""
82,"Hai, Dengarlah Kisah Ajaib","O Listen To Our Wondrous Story","James M. Gray","William Owen","",180,"O Listen to Our Wondrous Story",site,,"",,""
83,"Alam Indah Cemerlang","All Things Bright And Beautiful","Cecil F. Alexander","Martin Shaw","1#=G 4/4",93,"All Things Bright and Beautiful",site,,"",,""
84,"Musim Semi Tlah Datang","Spring Has Now Unwrapped The Flowers","Oxford Book of Carols","Arr. by Ernest MacMillan","1#=G 4/4",95,"Spring Has Now Unwrapped the Flowers",site,,"",,""
85,"Sungguh Luas Cakrawala","The Spacious Firmament","Joseph Addison","F. J. Hydin","1#=G 2/2",96,"The Spacious Firmament",site,,"",,""
86,"Sembahlah Allah Yang Maha Mulia","O Worship The King","Robert Grant","Wm. Gardiner&#39;s Sacred Melodies","1#=G 3/4",83,"O Worship the King",site,4,"Sembahlah Allah Yang Maha Mulia",4,"Di Uju Na Mardalan Au"
87,"Dapatkah Kau Hitung Semua Bintang","Can You Count The Stars?","Wilhelm Hey","German Folk Tunes","",98,"Can You Count the Stars?",site,,"",,""
88,"Tuhan Pliharakan","God Will Take Care Of You","Civilla D. Martin","W. Stillman Martin","",99,"God Will Take Care of You",site,59,"Tuhan Pliharakan",59,"Molo Huingot Jesus I"
89,"Besarlah Ya Tuhan Kasih Setia-Mu","Great Is Thy Faithfulness","Thomas O.Chisolm","William M. Runyan","",100,"Great Is Thy Faithfulness",site,,"",,""
90,"Umat Allah Yang Pengasih","Children Of The Heavenly Father","Carolina Sandel Berg","Tryggare kan Ingen Vara L. M.","2#=D 3/4",101,"Children of the Heavenly Father",site,,"",,""
91,"Gembalaku, Penolongku","My Shepherd Will Supply My Need","Isaac Watts","Virgil Thomson","",104,"My Shepherd Will Supply My Need",site,,"",,""
92,"Besarlah Anugrah Tuhan","There&#39;s A Wideness","Frederick W. Faber","Lizzie Tourjee","",114,"There's a Wideness",site,,"",,""
93,"Rahmat Tuhan","Marvelous Grace","Julia H.Johnston","Daniel B. Touner","1#=G 3/4",109,"Marvelous Grace",site,44,"Rahmat Tuhan",44,"Ro Do Jesus Manjouhon"
94,"Oh Tuhan Perteduhanku","O God, Our Help","Isaac Watts","St. Anne C.M., William Croft","",103,"O God, Our Help",site,,"",,""
95,"Fajar Harapan Segra Menjelang","95 Fajar Harapan Seg’ra Menjelang","S. J. Graham","Gleams of the Golden Morning","",205,"Gleams of the Golden Morning",site,,"",,""
96,"Limpah Rahmat Allah","God&#39;s Free Mercy Streameth","William W. How","Samuel Smith","",110,"God's Free Mercy Streameth",site,,"",,""
97,"Betapa Manisnya Kabar Yesus","How Sweet Are The Tidings","John .R. Thomas","Arr. Frm Jhon R. Thomas","",442,"How Sweet Are the Tidings",site,212,"Betapa Manisnya Kabar Yesus",212,"Jonok Do Datu Na Bolon"
98,"Sungguh Ajaib Anugrah-Mu","Amazing Grace","Jhon Newton","Virgina Harmoni","",108,"Amazing Grace",site,,"",,""
99,"Bapaku Maha Kuasa","It Took A Miracle","John W.Peterson","John W.Peterson","1#=G 4/4",111,"It Took A Miracle",title-match,,"",,""
100,"Marilah Bersukacita","Let Our Hearts Be Always Cheerful","Fanny J. Crosby","Robert Lowry","",,"",,304,"Marilah Bersukacita",304,"Sonang Na I Tahilala"
101,"O, Datanglah Imanuel","O Come, O Come, Immanuel","John M. Neale (1818-1866)","French Processional, 15th Century","1#=G 4/4",115,"O Come, O Come, Immanuel",site,,"",,""
102,"Ada Lagu Merdu","There&#39;s A Song In The Air","Josia G. Holland","Karl P. Harrington","1#=G 3/4",120,"There's a Song in the Air",site,,"",,""
103,"Malam Natal","The First Noel","Trad Enlish Carol C","Wm. Sandy Christmas Carols","",118,"The First Noel",site,,"",,""
104,"Kedatangan Tuhan","The Advent Of Our God","Charles Coffin","William H. Walter","3#=A 4/4",117,"The Advent of Our God",site,,"",,""
105,"Dengar Malaikat Nyanyi","Hark! The Herald Angels Sings","Charles Wesley",Mendelson,"",122,"Hark! the Herald Angels Sing",site,234,"Dengar! Malaikat Nyanyi",234,"Halak Na Mardongan Ilu"
106,"Hai Malaikat Surga Mulia","Angels From The Realms Of Glory","James Monigomery","Henry Smarl","",119,"Angels, from the Realms of Glory",site,,"",,""
107,"Pergilah Dan Kabarkan","Go, Tell It On The Mountain","American Negro Spritual","John W. Work","",121,"Go Tell It On The Mountain",title-match,,"",,""
108,"Di Dalam Palungan","Away In A Manger","Little Children&#39;s Book","William J. Kirkpatrick","",124,"Away in a Manger",site,,"",,""
109,"Di Malam Cerah Bergema","It Came Upon The Midnight Clear","Edmund H. Sears","Richard S. Willis","",130,"It Came Upon the Midnight Clear",site,,"",,""
110,"Pandanglah Bunga Mawar","Lo, How A Rose E&#39;er Blooming","Theodore Baker","Michael Praetorius","",131,"Lo, How a Rose E'er Blooming",site,,"",,""
111,"Mari Umat Tuhan","O Come, All Ye Faithful","Frederick Oakeley","John F Wade&#39;s Cantus Diversi","1#=G 4/4",132,"O Come, All Ye Faithful",site,,"",,""
112,"Tlah Lahir Yesus Yang Kudus","Now Is Born The Divine Christ Child","Traditional French Carol","18th Century French Carol","",133,"Now Is Born The Divine Christ Child",title-match,,"",,""
113,"Tiga Raja Dari Timur","We Three Kings","John H. Hopkins","John H. Hopkins","1#=G 3/8",137,"We Three Kings of Orient Are",site,,"",,""
114,"Kesukaan Bagi Dunia","Joy To The World","Isaac Watts","Handel&#39;s Messiah","",125,"Joy to the World!",site,214,"Kesukaan Bagi Dunia",214,"Sonang Nama Modom Ma Ibana"
115,"Hai Betlehem Yang Senyap","O Little Town Of Bethlehem","Philips Brooks","L. H. Reader","",135,"O Little Town of Bethlehem",site,233,"Hai Betlehem Yang Senyap",233,"Tarsingot Au Tu Tingki I"
116,"Kau Tinggalkan Takhta Surga","Thou Didst Leave Thy Throne","Emily E. S. Elliot","Timothy R. Matthews","2#=D 4/4",140,"Thou Didst Leave Thy Throne",site,,"",,""
117,"Dengar Suara Malaikat","Angels We Have Heard On High","Adapt. by Earl Marlatt","Edward Shippen Barnes","",142,"Angels We Have Heard On High",site,,"",,""
118,"Kala Gembala Menjaga","While Shepherds Watched Their Flocks","Nahum Tate","Este&#39;s Psalter","",139,"While Shepherds Watched Their Flocks",title-match,,"",,""
119,"Siapa Bayi Yang Berbaring","What Child Is This","William C. Dix","English Folk Melody","1#=G 6/8",141,"What Child Is This?",site,,"",,""
120,"Malam Kudus, Sunyi Senyap","Silent Night, Holy Night","Joseph Mohr","Franz Gruber","",143,"Silent Night, Holy Night",site,235,"Malam Kudus",235,"Aut Manogot Manang Borngin I"
121,"Siapa Dia Nun Di Sana?","Who Is He In Yonder Stall?","Benyamin R. Hanby","German Carol Melody","",150,"Who Is He In Yonder Stall",title-match,,"",,""
122,"Bila Ku Renungkan","I Think When I Read That Sweet Story","Jemima Luke","English Traditional Melody","1#=G 6/4",146,"I Think When I Read That Sweet Story",site,,"",,""
123,"Critakanlah Kisah Yesus","Tell Me The Story Of Jesus","Fanny J. Crosby","John R. Sweney","2#=D 4/4",152,"Tell Me the Story of Jesus",site,,"",,""
124,"Yesus Berjalan Sendiri","Jesus Walked This Lonesome Valley","American White Spritual","Allen W. Foster","",151,"Jesus Walked This Lonesome Valley",title-match,,"",,""
125,"Dahulu Di Kota Daud","Once In Royal David&#39;s City","Cecil Frances Alexander","Henry J. Gauntlet","",149,"Once in Royal David's City",site,,"",,""
126,"Kepala-Mu Yang Luka","O Sacred Head Now Wounded","Bernard of Clairvaux","Hans Leo Hassler","",156,"O Sacred Head Now Wounded",site,,"",,""
127,"Salib Di Bukit Golgota","The Old Rugged Cross","George Bennard","George Bennard","",159,"The Old Rugged Cross",site,45,"Salib Di Bukit Golgotha",45,"Adong Do Na Jou-jou Sian Makedonia"
128,"Aku Mau Hidup Bagi Yesusku","Living For Jesus","T. O. Chisholm","C. Harold Lowden","",,"",,275,"Aku Mau Hidup Bagi Yesusku",275,"Nda Tung Marsogot Hupingkiri"
129,"Aku Tlah Mati Bersama Yesus","Dying With Jesus By Death","Frances Ridley Havergal","Samuel Wesley","",507,"Moment by Moment",site,102,"Aku Tlah Mati Bersama Yesus",102,"Mardalan Be Di Hatiuron"
130,"Bila Ku Pandang Salib-Mu","When I Survey The Wondrous Cross","Isaac Watts","Gregorian Chant","",154,"When I Survey the Wondrous Cross",site,,"",,""
131,"Renungkanlah Tuhan","Were You There?","American Negro Spiritual","","",158,"Were You There?",site,,"",,""
132,"Penebus Bangkit Sudah","Christ The Lord Is Risen Today","Charles Wesley","Lyra Davidica","",166,"Christ the Lord Is Risen Today",site,,"",,""
133,"Pandanglah Penebus Kita","Look, You Saints! The Sight Is Glorious","Thomas Kelly","William Owen","",165,"Look, You Saints! the Sight Is Glorious",site,,"",,""
134,"Kebenaran-Mu, Darah-Mu","Jesus, Your Blood And Righteousness","Nicolaus L. Von Zinzerdorf","Gardiner L. M","1#=G 3/4",177,"Jesus, Your Blood and Righteousness",site,,"",,""
135,"Haleluya! Puji Yesus","Alleluia! Sing To Jesus","William C. Dix","Rowland Hugh Pritchard","",167,"Alleluia Sing to Jesus",site,,"",,""
136,"Sungguh Mulia Dan Cemerlang","And Have The Bright Immensities","Howard C. Robbins","Trad English Melody","",168,"And Have the Bright Immensities",site,,"",,""
137,"Yesus Tlah Menang","Thine Is The Glory","Edmond Budry","George Frederick Handel","2#=D 4/4",171,"Thine Is the Glory",site,,"",,""
138,"Tidur Tenang Dalam Yesus","Asleep In Jesus","Margaret Mackay","William B. Bradbury","2#=D 3/4",,"",,262,"Tidur Senang Dalam Yesus",262,"Marende-ende Do Na Jolo"
139,"Marilah Yang Setiawan","Come, You Faithful","John M. Neale","Arthur S. Sullivan","",169,"Come, You Faithful",site,,"",,""
140,"Tak kan Lama Lagi","A Few More Years Shall Roll","Horatius Bonar","Lowell Mason","1#=G 6/4",,"",,264,"Tak Brapa Taun Lagi",264,"Mangula Do Tanganku Di Jesus"
141,"Perjuangan Berakhirlah","The Strife Is O&#39;er","Francis Pott","Giovanni P. Da Palestrina","2#=D 3/4",172,"The Strife Is O'er",site,,"",,""
142,"Sambutlah Kebangkitan-Nya","Hail The Day That Sees Him Rise","Charles Wesley","Roberts Williams","",176,"Hail the Day That Sees Him Rise",site,,"",,""
143,"Tirai Tlah Dibuka-Nya","The Unveiled Christ","N. B. Herrel","N. B. Herrel","",178,"The Unveiled Christ",title-match,,"",,""
144,"Adakah Yesus Lindung Aku","Does Jesus Care?","Frank E. Graceff","J. Lincoln Hall","",181,"Does Jesus Care?",site,123,"Adakah Yesus Lindung Aku",123,"Ro Be Ma Hamu Pardosa"
145,"Ku Akan Menyanyikan","I Will Sing Of Jesus Love","F. E. Belden","F. E. Belden","",183,"I Will Sing of Jesus' Love",site,,"",,""
146,"Tuhanku Berkata","Jesus Paid It All","Mrs. Elvina M. Hall","John T. Grape","2#=D 3/4",184,"Jesus Paid It All",site,196,"Tuhanku Berkata",196,"Tuhan Hubege Do"
147,"Yesus Harta Yang Terindah","Jesus Is All The World To Me","Will L. Thompson","Will L. Thompson","1#=G 6/8",185,"Jesus Is All the World to Me",site,301,"Yesus Harta Yang Terindah",301,"Ho Do Tuhan Pangondian"
148,"Padaku Ada Sahabat","I&#39;ve Found A Friend","J. G. Small","George C. Stebbins","",186,"I've Found a Friend",site,117,"Padaku Ada Sahabat",117,"Marhaposan Tu Ho"
149,"Siapa Yang Dapat Menghibur","All That Thrills My Soul","Thoro Harris","Thoro Harris","",189,"All That Thrills My Soul",title-match,,"",,""
150,"Segra Datang Hujan Berkat","Showers Of Blessing","Daniel W. Whittle","James Mc. Granahan","",195,"Showers of Blessing",site,,"",,""
151,"Gembala Agung, Engkau Milikku","O Sheperd Divine","Herbert Work","Herbert Work","",192,"O Shepherd Divine",site,,"",,""
152,"Kristus Hidup! Bernyanyilah","Christ Is Alive","Brian Wren","Thomas William Psalmodia Evangelica","",182,"Christ Is Alive",site,,"",,""
153,"Tuhan Terangku","The Lord Is My Light","James Nicholson","Dr. J. W. Bischoff","1#=G 2/4",515,"The Lord Is My Light",site,,"",,""
154,"Jaga, Sedia","Waiting And Watching","S. M. H","William H. Pontius","",,"",,208,"Jaga Sedia",208,"Nung Ro Borngin"
155,"Dapatkah Aku Disucikan?","And Can It Be?","Charles Wesley","Thomas Campbell","1#=G 4/4",198,"And Can It Be?",site,,"",,""
156,"Kasih Yesus Padaku","Jesus Loves Me","Anna B. Warner","William B. Bradburry","",190,"Jesus Loves Me",site,,"",,""
157,"Tuhan kan Datang Segra","The Lord Is Coming","Mary A. Steward","Wm. B. Bradbury","",200,"The Lord Is Coming",site,,"",,""
158,"Kristus Datang Segra","Christ Is Coming","John R. Mac Duff","John Hughes","",201,"Christ Is Coming",site,,"",,""
159,"Tak Lama Lagi Masuk Surga","In A Little While We're Going Home","Eliza E. Hewitt","Eliza E. Hewitt","",626,"In a Little While We're Going Home",site,206,"Karna Surga Sudahlah Hampir",206,"Tuhan Tingki Manogot On"
160,"Mungkin Saja Saat Fajar Merekah","It May Be At Morn","H. L. Tuner","James Mc. Granahan","",207,"It May Be at Morn",site,,"",,""
161,"Ku Mau Sedia","I Want To Be Ready When Jesus Comes","","Harold A. Miller","",,"",,322,"Aku Mau Sedia",322,"Di Tingki Sabion I Ma"
162,"Muka Dengan Muka Nanti","Face To Face","Mrs. Frank A. Breck","Grant Colfax","",206,"Face to Face",site,147,"Muka Dengan Muka Nanti",147,"Mardongan Las Ni Roha"
163,"Angkat Nafiri","Jesus Is Coming Again","Jessie E. Strout","George E. Lee","3#=A 4/4",213,"Jesus Is Coming Again",site,219,"Angkat Nafiri",219,"Ndang Adong Nanggo Sada Suman"
164,"Tiada Lagi Lembah Kegelapan","There&#39;ll Be No Dark Valley","William O. Cushing","Ira D. Sankey","",208,"There'll Be No Dark Valley",site,,"",,""
165,"Tiga Kebenaran","This Is The Threefold Truth","Fred Pratt Green","Allen W. Foster","",203,"This Is the Threefold Truth",site,,"",,""
166,"Kedatangan Tuhan Tlah Dekat","&#39;tis Almost Time For The Lord To Come","G. W. Sederquist","G. W. Sederquist","",212,"Tis Almost Time For The Lord To Come",title-match,,"",,""
167,"Hari Yang Mulia Akan Tiba","There's A New Day Dawning","A. H. Ackley","B. D. Ackley","",,"",,323,"Hari Yang Mulia Akan Tiba",323,"Halak Dagang Do Au"
168,"Kita Memiliki Pengharapan","We Have This Hope","Wayne Hooper","Wayne Hooper","",214,"We Have This Hope",site,,"",,""
169,"Bila Trompet Allah Berbunyi","When The Roll Is Called Up Yonder","J. M. Black","J. M. Black","1#=G 4/4",216,"When the Roll Is Called Up Yonder",site,,"",,""
170,"Akan Berkumpulkah Kita","Shall We Gather At The River","Robert Lowry","Robert Lowry","",432,"Shall We Gather at the River",site,203,"Akan Berkumpulkah Kita",203,"Pasupasu Hami Tuhan"
171,"Kita Dijamu Oleh Raja","Called To The Feast By The King","J. E. Landor","E. S. Lorenz","",,"",,215,"Kita Dijamu Oleh Raja",215,"Hehe Do Sogot Angka Na Modom"
172,"Di Seluruh Dunia Nyatalah","O'er All The Land Have The Signs","W. C Cage","Henry C. Work","2#=D 3/4",,"",,221,"Di Seluruh Dunia Nyatalah",221,"Di Haholongi Jesus Au Na Metmet"
173,"Pada Waktu Penuaian","In The Glad Time Of The Harvest","L. D Santee","Edwin Barnes","3#=A 3/4",,"",,99,"Pada Waktu Kesukaan",99,"Mangolu Do Ganup Na Manatap"
174,"Kristus Tlah Ada Di Pintu","The Coming King Is At The Door","F. E. Belden","F. E. Belden","1#=G 4/4",,"",,204,"Almasih Di Muka Pintu",204,"Dungkonsa Dipalua Au"
175,"Yesuslah Penyembuh Agung","The Great Physician Now Is Near","William Hunter","J. H Stockton","",254,"The Great Physician Now Is Near",site,115,"Tabib Besar Ada Dekat",115,"Tung Sudena Do Hulehon"
176,"Kasih Allah Benar dan teguh","O Love Of God, How Strong And True!","Horatius Bonar","William H. Gladsrone","",79,"O Love of God, How Strong and True!",site,,"",,""
177,"Hormat Dan Puji Bagi-Mu","All Glory, Laud, And Honor","Theodulph of Orleans","Melchior Teschner","",230,"All Glory, Laud, and Honor",site,,"",,""
178,"Ku Kasih Pada-Mu Ya Yesus Tuhanku","I Love Thee","","Ingall&#39;s Christian Harmony","",236,"I Love Thee",site,121,"Ku Cinta, Ku Cinta",121,"Hudapothon Silang I"
179,"Yesus Terindah","Fairest Lord Jesus","Gesangbuch, munster","Schlesische Volkslieder","",240,"Fairest Lord Jesus",site,19,"Yesus Terindah",19,"Urupi Ma Au Tuhanku."
180,"Jika Ku Mengenang Tuhan","Jesus, The Very Thought Of Thee","Bernard of Clairvaux","John B. Dykes","1#=G 3/4",241,"Jesus, the Very Thought of Thee",site,25,"Jika Ku Kenangkan Tuhan",25,"Marolopolop Tano On"
181,"Di Salib Kristus Ku Puji","In The Cross Of Christ I Glory","John Bowring","Ithamar Conkey","",237,"In the Cross of Christ I Glory",site,,"",,""
182,"Kunyanyikan Hal Yesus","182 Kunyanyikan Hal Yesus","Fanny J. Crosby","My Song Shall be of Jesus","",244,"My Song Shall Be of Jesus",site,,"",,""
183,"Ku Ingin Tahu Kasih Yesus","More About Jesus","Eliza E. Hewitt","John R. Swenwy","1#=G 6/8",245,"More About Jesus",site,,"",,""
184,"Layaklah Domba Allah","Worthy, Worthy Is The Lamb",Anonymous,"","",246,"Worthy, Worthy Is the Lamb",site,,"",,""
185,"Oh Ku Kasih Tuhan","O, How I Love Jesus","Frederick Whitfield","19th Cent American Melody","1#=G 6/8",248,"O How I Love Jesus",title-match,,"",,""
186,"Puji Dia, Yesus Juruslamat","Praise Him! Praise Him!","Fanny J. Crosby","Chester G. Allen","1#=G 6/8",249,"Praise Him! Praise Him!",site,88,"Hai Pujilah, Yesus Juruslamat Kita!",88,"Las Situtu Do Rohangku"
187,"Beribu Lidah Bernyanyi","O For Thousand Tongues To Sing","Charles Wesley","Carl G. Glaserr","1#=G 3/2",250,"O for a Thousand Tongues to Sing",site,,"",,""
188,"Ku Sembah Juruslamat","He Lives","Alfred H. Akley","Alfred H. Akley","",251,"He Lives",site,294,"Ku Sembah Juruslamat",294,"Tanda Halongangon I"
189,"Pandanglah Yesus, Ya Bapaku","Look Upon Jesus Sinless Is He","F. E Belden","F. E Belden","",412,"Cover With His Life",site,87,"Pandanglah Yesus, Ya Bapaku",87,"Jesus Do Ale-alengku Na Manghaholongi Au"
190,"Nyanyikanlah Lagu Surga","Come, Let Us Sing","James Montgomery",Bortnianski,"",252,"Come, Let Us Sing",site,,"",,""
191,"Tiada Nama Sperti Yesus","There's No Other Name Like Jesus","F. E. Belden","F. E. Belden","",253,"There's No Other Name Like Jesus",site,,"",,""
192,"Ya Roh Suci Yang Benar","Holy Spirit, Faithful Guide","M. M Wells","M. M Wells","1#=G 3/4",,"",,250,"Ya Roh Suci Yang Benar",250,"Lomo Mi O Tuhan Ki"
193,"Roh Suci Tuntunlah Aku","Hover O'er Me, Holy Spirit","Elwood H. Stokes","","",260,"Hover O'er Me, Holy Spirit",site,246,"Roh Suci Turun Padaku",246,"Pasaut Ma Lomomi"
194,"Ya Roh Kudus Isilah Hatiku","Spirit Of God","George Croly","Frederick C. Atkinson","",266,"Spirit of God",site,,"",,""
195,"Sungguh Indah Roh Suci","Sweet, Sweet Spirit","Doris Akers","Doris Akers","",262,"Sweet Sweet Spirit",title-match,,"",,""
196,"Oh Nyala Api Roh Kudus","O For That Flame Of Living Fire","William H. Bathurst","By. Samuel Dyer","",264,"O for That Flame of Living Fire",site,249,"Oh Api Roh Suci",249,"Sian Angka Hamarsahan Do"
197,"Aku Dengar Hujan Berkat","Lord, I Hear Of Shower","Elizabeth Codner","William B. Bradbury","1#=G 6/4",,"",,247,"Aku Dengar Hujan Berkat",247,"Hundul Di Lambung Ni Jesus"
198,"Brilah Roh-Mu Tuhan","Breathe On Me Of God","Edwin Hatch","Joseph Harker","",265,"Breathe on Me, Breath of God",site,,"",,""
199,"Roh Kudus Terang Allah","Holy Spirit Light Divine","Andrew Reed","Louis M. Gottschalk","",268,"Holy Spirit, Light Divine",site,,"",,""
200,"Brilah Padaku Alkitab Yang Suci","Give Me The Bible","Priscilla J. Owens","E. S. Lorenz","1#=G 4/4",272,"Give Me the Bible",site,146,"Brilah Padaku Alkitab Yang Suci",146,"Adong Do Sada Mual I"
201,"Tuhan, Kupilih Firman-Mu","Lord, I Have Made Thy Word My Choice","Isaac Watts","Wetherby C. M.","",273,"Lord, I Have Made Thy Word My Choice",site,,"",,""
202,"Walau Ku Berbahasa Malaikat","Though I Speak With Tongues","Fred Pratt Green","James Bingham","2#=D 4/4",81,"Thou I Speak With Tongues",site,,"",,""
203,"Firman-Mu Pelita","Thy Word Is A Lantern","Wihla Hutson","","2#=D 2/4",676,"Thy Word Is A Lantern",site,,"",,""
204,"Brikanlah, Ya Tuhan","Bread Thou The Bread Of Life","Mary A. Lathbury","William Sherwin","2#=D 4/4",271,"Break Thou the Bread of Life",site,29,"Brikanlah, Ya Tuhan",29,"Di Na Ro Ari I Ari Na Songkal"
205,"Apakah Engkau Susah","Turn Your Eyes Upon Jesus","Helen H. Lemmel","Helen H. Lemmel","",290,"Turn Your Eyes Upon Jesus",title-match,299,"Apakah Engkau Susah",299,"Jesus Mata Ni Aringku"
206,"Marilah Orang Berdosa","Come Every Soul By Sin Oppressed","J. H. Stockton","J. H. Stockton","1#=G 4/4",279,"Only Trust Him",lyric-match,77,"Marilah, Orang Berdosa",77,"Inganan Na Dumenggan I"
207,"Ku Srahkan Hidupku","I Gave My Life For Thee","Frances, Ridley H.","J. E. White","",281,"I Gave My Life for Thee",site,66,"Ku Srahkan Hidupku",66,"Naeng Di Ho Pasu-pasu Na"
208,"Suaramu Ku Dengar","I Am Coming Lord","L. Hartsough","L. Hartsough","",282,"I Hear Thy Welcome Voice",lyric-match,63,"Suara-Mu Ku Dengar",63,"Siapulusia Nama Hambing Di Bara I"
209,"Yesus Sedang Berdiri","Oh Jesus Thou Art Standing","William Walshaham","Justin H. Knecht","2#=D 4/4",283,"O Jesus Thou Art Standing",title-match,,"",,""
210,"Padaku Ada Juruslamat","For You I Am Praying","Samuel O'Malley Chiff","Ira D. Sankey","",284,"For You I Am Praying",site,191,"Padaku Ada Juruslamat",191,"Paboa Barita Ni Tuhan Jesus I"
211,"Aku Mau Turut, Ya Tuhan","I Will Follow Thee, My Saviour","James Lawson","James Lawson","",623,"I Will Follow Thee",site,193,"Aku Mau Turut, Ya Tuhan",193,"Tangis Do Kristus I"
212,"Sabda Hidup Kekal","Wonderful Words Of Life","P. P. Bliss","P. P. Bliss","",286,"Wonderful Words of Life",site,135,"Sabda Hidup Kekal",135,"Songon Hambing Na Lilu Au"
213,"Dengan Lembut Dan Merdu","Softly And Tenderly","Will L. Thompson","Will L. Thompson","1#=G 6/8",287,"Softly and Tenderly",site,,"",,""
214,"Yesus Menunggu","The Saviour Is Waiting","Ralph Garmichael","Ralph Garmichael","",289,"The Savior Is Waiting",site,,"",,""
215,"Ya Tuhan, Engkau Tlah Mati","Saviour, Thy Dying Love","Sylvanus D. Phelps","Robert Lowry","1#=G 4/4",,"",,60,"Ya Tuhan, Engkau Tlah Mati",60,"Napajongjong Joro Do Hita"
216,"Yesus Panggil Engkau Pulang","Jesus Is Tenderly Calling Thee Home","Fanny J. Crosby","George C. Stebbins","",,"",,69,"Yesus Panggil Engkau Mari Pulang",69,"Naeng Do Rap Marpungu Hita"
217,"Ya Yesus, Yang Penuh Kasih","Blessed Jesus, Meek And Lowly","Annie R. Smith","In. Genevan","1#=G 3/4",,"",,70,"Ya Yesus, Yang Berkasihan",70,"Di Topi Ni Aek Jordan I"
218,"Lenyap Nafsu Dunia","Fade, Fade Each Earthly Joy","Mrs. Catherine J. Bonar","T. E. Perkins","",,"",,71,"Lenyap Nafsu Dunia",71,"Hupingkiri Do Tu Tano Nauli I"
219,"Yesus Batu Zaman","Hide In Thee","William O. Cushing","Ira D. Sankey","",525,"Hiding In Thee",title-match,72,"Batu Zaman Itu Membri Lindungan",72,"Huendehon Ma Jo Huta Na Uli I"
220,"Haruskah Yesus Sendiri?","Must Jesus Beat The Cross Alone","Thomas Shepherd","George N. Allen","3#=A 6/4",328,"Must Jesus Bear the Cross Alone",site,79,"Haruskah Yesus Sendiri",79,"Rim Ma Hita Sude Asa Rap Marende"
221,"Aku Datang Skarang Yesus","Jesus, I Come","W. T. Sleeper","George C. Stebbins","1#=G 6/4",292,"Jesus I Come",title-match,,"",,""
222,"Kuasa Dalam Darah-Nya","Power In The Blood","Lewis. E Jones","Lewis. E Jones","",294,"Power in the Blood",site,,"",,""
223,"Yesus Panggil, Aku Ikut","Jesus Calls Me, I Must Follow","Howard L. Brown","Howard L. Brown","1#=G 4/4",,"",,286,"Yesus Panggil, Aku Ikut",286,"Lam Paringgas Au"
224,"Apa Kita Hidup Dekat Yesus?","Can The World See Jesus In You","Mrs. C. H. Morris","Mrs. C. H. Morris","",,"",,287,"Apa Kita Hidup Dekat Yesus",287,"O Nunga Sahat Ne Be Au"
225,"Hampir Percaya","Almost Persuaded","P. P Bliss","P. P Bliss","1#=G 6/8",,"",,80,"Hampir Terbujuk",80,"Nang Gok Hasusaan Humaliang Au"
226,"Ku Pulang Ke Rumah","Lord, I'm Coming Home","William J. Kirkpatrick","William J. Kirkpatrick","",296,"Lord, I'm Coming Home",site,67,"Aku Sesat Dari Tuhan",67,"Adong Do Ingananmu Di Parlabuan I"
227,"Yesus Yang Penuh Kasih","Jesus Lover Of My Soul","","Joseph P. Holbrook","2#=D 3/4",489,"Jesus, Lover of My Soul",site,179,"Yesus Yang Berkasihan",179,"Puji Jesus Si Palua Hita"
228,"Ku Bawa Pada Yesus","I Lay My Sins On Jesus","Horatius Bonar","Allen W. Foster","",298,"I Lay My Sins On Jesus",site,,"",,""
229,"Janganlah Bersedih","","","","",,"",,78,"Jangan Tunjuk Sedih",78,"Lehonon Tano Na Uli"
230,"Ajaiblah Yesus, Juruselamatku","A Wonderful Savior Is Jesus","Fanny J. Crosby","William J. Kirckpatrick","",520,"He Hideth My Soul",site,151,"Ajaiblah Yesus, Juruselamatku",151,"Tapuji Ma Tuhan Ta I"
231,"Meski Aku Durhaka","Chief Of Sinners Though I Be",McComb,"Benyamin Carr","",295,"Chief of Sinners",site,52,"Meski Aku Durhaka",52,"Di Porlak Ni Debatanta"
232,"Di Tempat Yang Lebih Tinggi","Higher Ground","Johnson Oatman, Jr.","Charles H. Gabriel","",625,"Higher Ground",title-match,119,"Di Tempat Yang Lebih Tinggi",119,"Holan Sada Hagiot Hi"
233,"Ku Datang Hampir Kepada-Mu","Nearer Still Nearer","Mrs. C. H. Morris","Mrs. C. H. Morris","",301,"Nearer, Still Nearer",site,185,"Ku Datang Hampir Kepadamu",185,"Tong Do Jesus Na Manogu"
234,"Raja Kekal, Pimpinlah","Lead On, O&#39;king Eternal","Ernest W. Shurtleff",Lancashire,"",619,"Lead On, O King Eternal",site,30,"Raja Kekal, Pimpinlah",30,"Ungkapon Na Ma Pustaha"
235,"Di Bawah Salib Yesus","Beneath The Cross Of Jesus","Elizabeth C. Clephane","Frederick C. Maker","",303,"Beneath the Cross of Jesus",site,73,"Di Bawah Salib Yesus",73,"Di Huta Ni Debatanta Adong Paradianan"
236,"Iman Orang Saleh Kekal","Faith If Our Fathers","Frederick W. Feeber","Henri F. Hemy","1#=G 3/4",304,"Faith of Our Fathers",site,24,"Iman Orang Saleh Kekal",24,"Endehon Madenggan Ende Pujipujian"
237,"Jadikan Aku Milik-Mu, Tuhan","Draw Me Nearer","Fanny J. Crosby","W. H. Doane","1#=G 4/4",306,"Draw Me Nearer",site,130,"Aku Jadi Milik-Mu",130,"Marsurak Do Surgo"
238,"Ke Salib Aku Datang","I Am Coming To The Cross","William McDonald","William G. Fischer","",307,"I Am Coming to the Cross",site,61,"Aku Datang Ke Salib",61,"Holan Dua Do Dalan Siboluson"
239,"Aku Mau Menjadi Milik-Mu","Wholly Thine","F. E. Belden","F. E. Belden","1#=G 4/4",308,"Wholly Thine",title-match,155,"Sekarang Aku Milik-Mu",155,"Di Tingki Martangiang"
240,"Berserah Kepada Yesus","I Surrender All","J. W. Van De Venter","W. S. Weeden","2#=D 4/4",309,"I Surrender All",site,83,"Berserah Kepada Yesus",83,"Hea Do Ho Ro Tu Mudar Ni Jesus"
241,"Ku Mau Dekat Pada Yesus","I Would Draw Nearer To Jesus","Robert Harkness","Robert Harkness","",310,"I Would Draw Nearer to Jesus",site,,"",,""
242,"Ku Mau Sperti Yesus","I Would Be Like Jesus","James Rowe","B. D. Ackley","1#=G 6/4",311,"I Would Be Like Jesus",title-match,,"",,""
243,"Tarik Aku, Ya Yesus","Nearer The Cross","Fanny J. Crosby","Williah H. Doane","",312,"Near The Cross",title-match,62,"Tarik Aku, Ya Yesus",62,"Sai Nanget Ajari Namandele I"
244,"Hiduplah Dalam Aku","Live Out Thy Life Within Me","Francess Ridley Havergal",Aurelia,"2#=D 4/4",316,"Live Out Thy Life Within Me",site,50,"Hiduplah Dalam Aku",50,"Gokhon Ma Angka Pardosa"
245,"Pimpin Ku Ke Salib","Lead Me To Calvary","Jennie E. Hussey","Williah J. Kirkpatrick","",317,"Lead Me To Calvary",title-match,,"",,""
246,"Yesus, Aku Rindu Jadi Suci","Whiter Than Snow","James Nicholson","Williah G. Fischer","1#=G 3/4",318,"Whiter Than Snow",site,64,"Yesus, Aku Rindu Jadi Suci",64,"Tung Bidang Do Parasian"
247,"Aku Mau Menjadi Kristen","Lord, I Want To Be A Christian","American Negro Spiritual","","",319,"Lord, I Want to Be a Christian",site,74,"Aku Mau Menjadi Kristen",74,"Di Lambung Ni Aek Hangoluan"
248,"Ku Kasih Padamu","My Jesus I Love Thee","William Ralf Featherstone","Adoniram J. Gordon","",321,"My Jesus, I Love Thee",site,133,"Ku Kasih Pada-Mu",133,"Las Rohangku Paboahon"
249,"Tiada Yang Lain","Nothing Between","Charles A. Tindley","Charles A. Tindley","",322,"Nothing Between",site,,"",,""
250,"Yesus, Ku Pikul Salibku","Jesus, I My Cross Have Taken","Henry F. Lyte",Ellesdie,"3#=A 4/4",325,"Jesus, I My Cross Have Taken",site,68,"Yesus, Ku Pikul Salibku",68,"Padan Na Tutu Di Na Porsea"
251,"Buka Mataku, Ya Tuhan","Open Mine Eyes","Clara H. Scott","Clara H. Scott","",326,"Open My Eyes That I May See",site,288,"Buka Mataku, Ya Tuhan",288,"Padame Au O Tuhanku"
252,"Ku Memilih Yesus","I'd Rather Have Jesus","Rhea F. Miller","George Beverly Shea","",327,"I'd Rather Have Jesus",site,,"",,""
253,"Aku Tak Akan Tinggalkan","I Will Never Leave Thee",Anonymous,"","",,"",,91,"Aku Tak Akan Tinggalkan",91,"Ingot Ma Goar Ni Jesus"
254,"Dalam Hatiku Ada Lagu","I Have A Song That Jesus Gave Me","Elton M. Roth","Elton M. Roth","",,"",,302,"Dalam Hatiku Ada Lagu",302,"Di Pat Ni Pardalan"
255,"Buangkan Dunia, Trima Yesus","Take The World But Give Me Jesus","Fanny J. Crosby","John R. Sweney","",329,"Take the World, but Give Me Jesus",site,92,"Buangkan Dunia, Trima Yesus",92,"Debata Ma Tongtong Dongan Mu"
256,"Ku Lihat Darah Mengalir","The Cleansing Waves","Mrs. Phoebe Palmer","Mrs. Joseph F. Knapp","2#=D 3/4",332,"The Cleansing Wave",title-match,,"",,""
257,"Aku Dengar Yesus Panggil","I Can Hear My Saviour Calling","E. W. Blandly","J. S. Norris","",,"",,85,"Aku Dengar Yesus Panggil",85,"Arian Manang Borngin Pe"
258,"Janganlah Tawar Hatimu","Never Give Up","Frances Ridley Havergal",Sam,"",,"",,124,"Janganlah Tawar Hatimu",124,"Naeng Ho Malua Sian Dosa Mi"
259,"Sebagaimana Ku Ada","Just As I Am","Charlotte Elliot","Saffron Walden","2#=D 6/4",324,"Just as I Am, Thine Own to Be",site,199,"Sebagaimana Ku Ada",199,"Naung Lilu Do Au On Tuhan"
260,"Bawa Persembahanmu","They Brought Their Gift To Jesus",M.G.L,"Joseph Garrison","",,"",,132,"Bawa Persembahanmu",132,"Nang Pe Tung Mabaor"
261,"Hati Yang Memuji Allah","O For A Heart To Praise My God","Charles Wesley","Beaty Tudo C. M.","1#=G 3/4",323,"O for a Heart to Praise My God!",site,,"",,""
262,"Hai Saudara Mengapa?","Why Not Now?","","","2#=D 9/8",,"",,86,"Hai Saudara Mengapa",86,"Tuhan Do Batu Mamak I"
263,"Bila Selesai Tugas Kerjaku","O That Will Be Glory For Me","Charles H. Gabriel","Charles H. Gabriel","1#=G 6/4",,"",,148,"Bila Klak Bebas Dari Kerjaku",148,"Ingot Martangiang Tu Tuhan Ta I"
264,"Aku Tak Cinta Dunia","Is My Name Written There",M.A.K,"Frank M. Davis","",,"",,149,"Aku Tak Ingin Harta",149,"Ingkon Jesus Do Dongan Hu"
265,"Kami Datang Pada-Mu","Take My Life And Let It Be","Frances Ridley Havergal",Hendon,"",330,"Take My Life and Let It Be",site,10,"Kami Datang Padamu",10,"Endehon Ma Tu Au Sude"
266,"Bawa Sgala Persepuluhanmu","Bring Ye All Tithes, Mal. 3:10","Helen. E. Rasmussen","H. I. Gillmour","",,"",,342,"Bawalah Perpuluhanmu",342,"Di Toru Ni Habong Na Sonang Au"
267,"Tarik Jiwa Satu","Take Me As I Am","","Ira D. Sankey","4#=E 6/8",,"",,171,"Tarik Jiwa Satu",171,"Tiur Do Sondang Na Di Au"
268,"Pada Saat Berdoa","'tis The Blessed Hour Of Prayer","Fanny J. Crosby","W. H. Doane","",501,"Tis The Blessed Hour Of Prayer",title-match,172,"Pada Jam Ku Berdoa",172,"Hohom Ma, Hohom Ma"
269,"Berjalanlah Di Dalam Trang","Walk In The Light","Bernard Barton","Isaack B. Woodbury","1#=G 3/4",,"",,82,"Berjalanlah Dalam Trang",82,"Hu Haholongi Ho Tuhan"
270,"Dosamu Dihapuskan","Tho'your Sins Be As Scarlet","Fanny J. Crosby","William H. Doane","",,"",,200,"Dosamu Dihapuskan",200,"Holong Do Rohangku Di Ho Jesuski"
271,"Jadilah Tuhan Kehendak-Mu","Have Thine Own Way, Lord","Adeleide Pollard",Adelaide,"",567,"Have Thine Own Way, Lord",site,84,"Jadilah Tuhan Kehendakmu",84,"Jahowa Debatanta Do Partano Batoanta"
272,"Bahagia Hari Itu","Happy Day","Philip Doddrige","E. F. Rimbault","1#=G 3/2",,"",,197,"Betapa Snang Hari Itu",197,"Tung Rara Pe Dosamu Na"
273,"Dengar Lonceng Surga","Ring The Bells Of Heaven","Ref. W. O. Cushing","Rev. W. O. Cushing","",,"",,201,"Dengar Lonceng Surga",201,"Ai Nunga Mate Au"
274,"Mengapa Darah-Mu Yesus","Alas! And Did My Saviour Bleed?","Isaac Watts","Hugh Wilson, c.","",163,"At the Cross",site,202,"Sudahkah Darah-Mu Yesus",202,"Sadari On Tuhan Ponggoli Ma"
275,"Tolonglah Aku Ya Allah","Come, Thou Font Of Every Blessing","Robert Robinson",Nettleton,"3#=D 3/4",334,"Come, Thou Fount of Every Blessing",site,195,"Tolonglah Aku Ya Allah",195,"Ndang Tarhatahon Au"
276,"Darah Yesus Tlah Tertumpah","There Is A Fountain Filled With Blood","William Cowper","Cleansing fountain C. M. D.","",336,"There Is a Fountain",site,194,"Yesus Mencurah Darah-Nya",194,"Songon Au On Ale Tuhan"
277,"Betapa Snang Aku Kabarkan",Redeemed,"Fanny Crosby","William J. Kirpatrick","3#=A 6/8",337,Redeemed,title-match,120,"Betapa Snang Aku Kabarkan",120,"O Roha Na Gok Arsak"
278,"Di Tepian Sungai Yordan","On Jordan's Storm Banks","Samuel Stennett","Promised Land C. M","",620,"On Jordans Stormy Banks",title-match,,"",,""
279,"Kristus Tlah Slamatkan","Jesus Save, Jesus Save","Priscilla J. Owens","William J. Kirkpatrick","",,"",,143,"Almasih Slamatkan",143,"Sangap Ma Di Mudar Na I"
280,"Muliakan Allah","To God Be The Glory","Fanny J. Crosby","Willian H. Doane","1#=G 3/4",341,"To God Be the Glory",site,,"",,""
281,"Bila Pandang Salib Yesus","When I Survey The Wondrous Cross","William Brickey","Mccabe L. M","",154,"When I Survey The Wondrous Cross",title-match,198,"Bila Pandang Salib Itu",198,"Haholongan Nabadia"
282,"Hai Skalian Orang","Come, We That Love The Lord","Isaac Watts","Robert Lowry","1#=G 6/8",422,"Marching to Zion",site,94,"Hai Skalian Orang",94,"Jesus Songon Siparmahan"
283,"Siapa Yang Mendengar, Serukanlah","Whosoever Will","","P. P Bliss","2#=D 4/4",,"",,95,"Barang Siapa Dengar, Serukanlah!",95,"Marondingan Tu Batu Mamak Do Au"
284,"Eden, Taman Yang Terindah","Beautiful Valley Of Eden","W. O. Chusing","William F. Sherwin","",,"",,93,"Eden, Taman Yang Terindah",93,"Togu-togu  Au O Tuhan"
285,"Ku Dengar Lagu Yang Merdu","There Comes To My Heart","P. P Bilhorn","P. P Bilhorn","3#=A 6/8",,"",,96,"Ku Dengar Lagu Yang Senang",96,"Mangkuling Ma Ho Jesus"
286,"Bila Yesus Akan Mengumpulkan","When Jesus Shall Gather The Nations","Harriet B. M. Keever","John R. Sweney","",,"",,97,"Bila Yesus Akan Mengumpulkan",97,"Saotik Nari Porsea Ma"
287,"Satu Saja Ku Ingini","So Wash Me Thou Without Within","Walter C. Smith","Fred H. Byshe","",,"",,98,"Satu Saja Ku Ingini",98,"Saksihon Tuhan Jesus"
288,"Aku Puji Penebusku","I Will Sing Of My Redeemer","Philip P. Bliss","James McGranahan","1#=G 9/8",343,"I Will Sing of My Redeemer",site,,"",,""
289,"Brani Hati Karna Benar","Dare To Do Right","G. Lansing Taylor","F. E. Belden","",,"",,300,"Brani Hati Karna Benar",300,"Ale Tondi Hehe Ma Ho"
290,"Duduk Dekat Kaki Yesus","Sitting At The Feet Of Jesus","J. H","","",,"",,126,"Duduk Dekat Kaki Yesus",126,"Di Pangarantoan"
291,"Siapa Masuk Pintu Gerbang?","Shall You? Shall I?","G. M. J","James Mc. Granahan","",,"",,127,"Siapa Masuk Pintu Mutiara",127,"Tapuji Ma Debatanta"
292,"Bila Laut Kehidupanmu Berglombang","Count Your Many Blessings","Johnson Oatman, Jr.","E. O. Excell","",,"",,110,"Bila Laut Kehidupanmu Berglombang",110,"Marende Suruan I Jesus Do Panondang"
293,"Perhubungan Kita","Bless Be The Tie That Binds","John Fawcett","Lowell Mason","",350,"Blest Be the Tie That Binds",site,7,"Perhubungan Kita",7,"Anak Ni Debata"
294,"Ku Yakin Bapa Pasti Tau","He Knows","S. M. I Henry","E. O. Excell","",,"",,114,"Ku Yakin Yang Bapaku Tau",114,"Lehon Ma Jesus Di Au"
295,"Sahabat, Teman, Pemimpin","Friends, Companions, Guides","Arthur W. Spalding","Henry Tucker","1#=G 3/4",,"",,305,"Sahabat, Teman, Kawan, Pemimpin",305,"Aut Tung Tarhatahon Au Ma"
296,"Nama Yesus Amat Indah","Jesus Oh How Sweet The Name","W. C Martin","E. S. Lorenz","",,"",,109,"Nama Yesus Amat Indah",109,"Janji Na Tontu Jesus Di Au"
297,"Ada Satu Pintu Gerbang","O Depth Of Mercy","Lilian Baxter","S. J. Vall, by permission of Philip","",521,"Depth Of Mercy",title-match,105,"Ada Satu Pintu Gerbang",105,"Dogokhon Jesus Do"
298,"Slamat Di Lengan Yesus","Save In The Arms Of Jesus","Fanny J. Crosby","W. H. Doane","1#=G 4/4",,"",,104,"Slamat Di Lengan Yesus",104,"Ditano On Mansai Godang"
299,"Ku Lihat Yesus","I See Jesus","A. H. Ackley","A. H. Ackley","1#=G 4/4",,"",,317,"Ku Lihat Yesus",317,"Tung So Tinggalhononku Do"
300,"Di Surga Tempat Yang Baka","","W. H. Bellamy","","",,"",,106,"Dalam Surga Tempat Baka",106,"Ndang Perak Ndang Mas"
301,"Senang Berbakti Di Sini","What Joy It Is To Worship Here","Fred Pratt Green","Jeg Er Saa Glad C. M","1#=G 6/8",586,"What Joy It Is to Worship Here",site,,"",,""
302,"Pertahankan Benteng","Hold The Fort","P. P Bliss","P. P Bliss","2#=D 2/4",,"",,297,"Pertahankan Benteng",297,"Tuhan Sai Iring-iring Au"
303,"Dalam Naung-Nya","Under His Wings","W. O Cusing","D. Sankey","",529,"Under His Wings",site,156,"Dalam Naungnya",156,"O Tuhan Sai Pasanggam Ma Ngolungkon"
304,"Dengarlah Suara Yesus","Hark! The Voice Of Jesus","Daniel March","F. E. Balden","",359,"Hark! the Voice of Jesus Calling",site,,"",,""
305,"Putra Sion Kerjakanlah Tugasmu","O Zion, Haste","Mary A. Thompson","James Watch","",365,"O Zion, Haste",site,,"",,""
306,"Angkat Dia Hingga Nyata","Lift Him Up","May E. Warren","D. S. Hakes","",371,"Lift Him Up",site,11,"Angkat Dia Hingga Nyata",11,"Puji Ma Jahowa."
307,"Penjaga Bunyikan Trompet","Watchman, Blow The Gospel Trumpet","H. L. Gilmour","William J. Kirkpatrick","",368,"Watchman, Blow the Gospel Trumpet",site,,"",,""
308,"Biarkan Aku Pergi","Missionary's Farewell","I Baltzell","I Baltzell","",,"",,274,"Biarkan Aku Pergi",274,"Ari Sabat Na Uli Ro Ma"
309,"Betapa Merdu Suara","Angel Voices Sweetly Singing","","William J. Kirkpatrick","2#=D 4/4",,"",,118,"Amat Merdulah Bunyinya",118,"Huseahon Sasudena"
310,"Tariklah Aku, Ya Bapaku","Come Ye Sinner, Poor And Needy","Mrs. E. W. Chapman","J. H. Tenney","3#=A 4/4",280,"Come, Ye Sinners",site,152,"Tariklah Aku, Ya Bapaku",152,"Sonang Do Rohang Ku Songon Sunge I"
311,"Aku Mengasihi Tuhan","I Know I Love Thee Better, Lord","Francess Ridley Havergal","R. E. Hudson","",,"",,138,"Aku Kasih Tuhan Lebih",138,"Hulehon Ma Sude Tu Ho"
312,"Ku Bersuka Sebab Bapa Kita","I'm So Glad That Our Father","P. P Bliss","P. P Bliss","1#=G 6/8",,"",,140,"Aku Girang Sebab Bapa Kita",140,"Asi Roham Sai Tangihon Ma Au"
313,"Aku Mau Yesus Sertaku","I Must Have The Saviour With Me","Lizzie Edwards Durt","John R. Sweney","4#=E 3/4",,"",,141,"Aku Mau Yesus Sertaku",141,"Unang Tung Tinggalhon Au"
314,"Dalam Sibuk Kehidupan","When Cross The Crowded Ways Of Life","Frank M. North","Gardiner L. M","",355,"Where Cross The Crowded Ways Of Life",title-match,,"",,""
315,"Orang Asing Di Pintu","There's A Stranger At The Door","J. B. Atchinson","E. O. Excell","",,"",,142,"Orang Asing Di Pintu",142,"O Debata Ni Ngolungku"
316,"Bawalah Yang Hilang","Bring Them In, Bring Them In","Alexcenah Thomas","W. A. Ogden","",361,"Hark Tis The Shepherds Voice I Hear",lyric-match,144,"Bawalah Yang Hilang",144,"Lam Jumonok Tu Ho"
317,"Aku Pengembara","I'm But A Stranger Here","Tomas R. Taylor","Lowell Mason","1#=G 4/4",445,"I'm But a Stranger Here",site,153,"Aku Orang Dagang",153,"Marjaga Ma Hamu"
318,"Jangan Ditaklukkan","Yield Not To Temptation","Horatio R. Palmer","Horatio R. Palmer","",,"",,154,"Jangan Ditaklukkan",154,"On Ma Tingki Martangiang"
319,"Mari Kita Kerja Bagi Tuhan","Gladly, Gladly Toiling For The Master","","","3#=A 4/4",,"",,159,"Mari Kita Kerja Bagi Tuhan",159,"Urupi Hamu Ma Dongan Mu Na"
320,"Rahmat Bapa Bercahaya","Let The Lower Lamps Be Burning","P. P Bliss","P. P Bliss","",,"",,160,"Rahmat Bapa Bercahaya",160,"Saburhon Manogot, Saburhon Na Denggan"
321,"Jauh Dan Dekat, Tampak Sudah","Far And Near The Fields Are Teeming","J. O. Thompson","J. B. O. Clemm","",358,"Far and Near the Fields Are Teeming",site,161,"Jauh Dan Dekat, Hai Lihatlah",161,"Paranganni Kristus"
322,"Dari Timur Dan Barat","From Greenland&#39;s Icy Mountains","Reginald Heber","Lowell Mason","4#=E 4/4",,"",,162,"Dari Timur Dan Barat",162,"Tole Mangula Hita"
323,"Tolonglah Yang Sesat","Rescue The Perishing","Fanny J. Crosby","W. H. Doane","",367,"Rescue the Perishing",site,164,"Tolonglah Yang Sesat",164,"Mangula Ma Hita Halak Ni Debata"
324,"Betapa Indahnya","How Beauteous Are Their Feet","Isaac Watts","St. Thomas S. M","",372,"How Beauteous Are Their Feet",site,,"",,""
325,"Hai Mana Penyabit","","","","",,"",,163,"Hai Mana Penyabit",163,"Saburhon Boni Di Na Sogot"
326,"Berusahalah Kamu","Work For The Night Is Coming","Mrs. Anna L. Coghill","Lowell Mason","",375,"Work, For the Night Is Coming",site,166,"Berusahalah Kamu",166,"Di Ginjang Ni Batu Mamak I"
327,"Tabur Waktu Pagi","Sowing In The Morning","Knowless Shaw","George A. Minor","",369,"Bringing in the Sheaves",site,165,"Tabur Waktu Pagi",165,"Sai Hehe Ma Hamuna"
328,"Aku Mau Membagikan Imanku","I Share My Faith","J. H. H","John H. Hancock","",,"",,276,"Aku Mau Bahagikan Imanku",276,"Sai Tu Ginjang Do Hutuju"
329,"Kerjalah! Kerjalah!","Toiling On","Fanny J. Crosby","W. H. Doane","",,"",,167,"Kerjalah! Kerjalah!",167,"Tuhan Urupi Hami Be"
330,"Sbagai Pohon Tanaman Roh","Fruitful Trees, The Spirit's Sowing","Timothy Dudley Smith","John Stainer","",414,"Fruitful Trees the Spirit's Sowing",site,,"",,""
331,"Ada Kisah Kami Mau Critakan","We&#39;ve A Story To Tell","Coling Sterne","H. Ernest Nichol","",,"",,168,"Ada Crita Kami Mau Critakan",168,"Asi Roha Ni Amanta"
332,"Masyhurkanlah Yesus","Christ For The World We Sing","Samuel Wolcott","Felice de Giardini","1#=G 3/4",370,"Christ for the World",site,169,"Mashurkanlah Yesus",169,"Batu Mamak Di Au On"
333,"Critakanlah Padaku","Live Out Thy Life Within Me","Katherine Hankey","Wm. H. Doane","",316,"Live Out Thy Life Within Me",title-match,158,"Critakanlah Padaku",158,"O Baritahon Ma Tu Sasude Jolma"
334,"Roh Kudus Slalu Ada","There's A Spirit In The Air","Brian Wren","John Wilson","",584,"There's A Spirit in the Air",site,,"",,""
335,"Dalam Kerja Rajaku","In The Service The King","A. H. Ackley","B. D. Ackley","",,"",,170,"Dalam Kerja Rajaku",170,"Pasupasu Hami On"
336,"Yesus Sahabat Manusia","Jesus, What A Friend For Sinners","J. Wilbur Chapman","Wayne Hooper","",187,"Jesus What A Friend For Sinners",title-match,,"",,""
337,"Maju Serta Yesus","Go Forth, Go Gorth With Jesus","G. B. Timms","John Darwal","",377,"Go Forth Go Forth With Christ",site,,"",,""
338,"Rumah Tangga Bahagia","Happy The Home","Henry Ware, the younger","John B. Dykes","1#=G 3/4",655,"Happy the Home",site,260,"Senanglah Rumah",260,"Bintang Na Torang"
339,"Milik Tuhan, Bukan Aku","All Things Are Thine","John Greenleaf Whittier","Wm. Gardiner's Sacred Melodies","",376,"All Things Are Thine",site,,"",,""
340,"Sabat Hari Perhentian","Holy Sabbath Day Of Rest","L. E. C. Joers","John F. Anderson","",381,"Holy Sabbath Day of Rest",site,241,"Sabat Hari Perhentian",241,"O Tondi Parbadia"
341,"Hari Perhentian Allah","Holiday, Jehovah's Rest","F. E. Belden","F. E. Belden","1#=G 6/8",,"",,244,"Hari Kudus Huw Allah",244,"Tung Gok Dosa Do Au On"
342,"Ku Suka Sabat-Mu","We Love Thy Sabbath Lord","Myrtle H. Dorland","Robert Jackson","",390,"We Love Thy Sabbath, Lord",site,,"",,""
343,"Enam Hari Sudah Lalu","Another Six Days Work Is Done","S. Stennett","L. Mason","",,"",,242,"Enam Hari Sudah Lalu",242,"O Balga Ni Las Ni Roha I"
344,"Sabat Tuhan Yang Pnuh Berkat","Lord Of The Sabbath","","Frederick M. A. Venue","",393,"Lord of the Sabbath",site,,"",,""
345,"Oh Hari Perhentian","O Day Of Rest And Gladness","Christopher Wordsworth","Lowell Mason","",383,"O Day of Rest and Gladness",site,238,"Oh Hari Perhentian",238,"Tung Godang Pe Dosangki"
346,"Bagai Burung Terbang","As Birds Unto The Genial Homeland","David Levy","Max Grauman","1#=G 3/4",395,"As Birds Unto the Genial Homeland",site,,"",,""
347,"Ingat Hari Sabat","Don't Forget The Sabbath","Fanny J. Crosby","William B. Bradbury","",388,"Don't Forget the Sabbath",site,237,"Ingat Hari Sabat",237,"Ro Ma Ho Debata"
348,"Trang Besar Bercahaya","Light Of Light, Enlighten Me","Benjamin Schmolck","Uzziah C. Burnap","",389,"Light of Light, Enlighten Me",site,,"",,""
349,"Datanglah Lagi Hari Yang Suci","Again The Day Return","William Mason","","",,"",,236,"Datanglah Pula Hari Yang Suci",236,"Jonok Lam Jonok O Tuhanki"
350,"Satu Minggu Yang Lalu","Savely Through Another Week","John Newton","Lowell Manson","1#=G 3/4",384,"Safely Through Another Week",site,239,"Satu Minggu Yang Lalu",239,"Beha Hamu Sude"
351,"Selamat Datang","Welcome, Delightful Morn","John Dobell's Selection","Fredrich Schneider","1#=G 4/4",,"",,240,"Selamat Datang",240,"Ndang Tarbahen Mudar"
352,"Hebat Hari Penghukuman","Day Of Judgment, Day Of Wonders!","John Newton","Joachim Neander","",418,"Day of Judgment, Day of Wonders!",site,,"",,""
353,"Engkau Tahu Tuhan Pemurah","You That Know The Lord","C. A. Alington","Cyril V. Taylor","",583,"You That Know the Lord",site,,"",,""
354,"Bapa, Pimpinlah Aku","Father, Lead Me Day By Day","John P. Hopps","George C. Stratner","2#=D 4/4",482,"Father, Lead Me Day by Day",site,,"",,""
355,"Dengarkanlah Sabda-Nya","God Has Spoken By His Prophets","Georger Wallace Briggs","Thomas John Williams","",413,"God Has Spoken By His Prophets",site,,"",,""
356,"Tuhan, Kasihanilah Kami Ini","Lord, Be Merciful","","George J. Elvey","",,"",,,"",,""
357,"Kasih Yang Bahagiakan","'tis Love That Makes Us Happy","F. E. Belden","F. E. Belden","",579,"Tis Love That Makes Us Happy",title-match,,"",,""
358,"Pada-Mu Batu Zaman","Rock Of Ages","Augustus M. Toplady","Thomas Hasting","",300,"Rock of Ages",site,174,"Pada-Mu Batu Zaman",174,"Ari Na Sonang Situtu"
359,"Aku Perlu Yesus","I Need Jesus","George O. Webster","Charles H. Gabriel","",,"",,281,"Aku Perlu Yesus",281,"Uju Masa Hasusaan"
360,"Ada Negri Amat Indah","O Beulah Land! Sweet Beulah Land","Edgar Page","John R. Sweney","1#=G 3/4",,"",,223,"Ada Negri Amat Indah",223,"Marlas Ni Roha Hita"
361,"Sesudah Malam","Beyond The Sunset","Virgil P. Brock","Blanche Kerr Brock","",,"",,282,"Sesudah Malam",282,"Nunga Marrara Sudena"
362,"Aku Pikirkan Skarang","I Am Thinking To Day","E. E Hewitt","John R. Swenwy","3#=A 4/4",,"",,224,"Aku Pikirkan Skarang",224,"Huburi Do Tanganku"
363,"Yerusalem, Oh Rumahku","Jerusalem, My Happy Home","","Annabel M. Buchanan","",420,"Jerusalem My Happy Home",site,,"",,""
364,"Bukit–bukit Yang Permai","O The Beautiful Hills","J. G. C","James G. Clark","",,"",,226,"Bukit-bukit Yang Permai",226,"Di Haholongi Debata"
365,"Yerusalem Yang Mulia","Jerusalem The Golden","John M. Neale","Alexander Ewing","",429,"Jerusalem the Golden",site,222,"Yerusalem Yang Mulia",222,"Bege Durung Durung"
366,"Lebih Dekat, Lebih Indah","Home Heavenly Home","Jesse P. Tompkins","B. D. Ackley","",,"",,227,"Lebih Dekat, Lebih Indah",227,"Las Roha Paboahon"
367,"Di Pantai Nan Indah","In The Sweet By And By","S. F. Bennet","J. P. Webster","1#=G 4/4",428,"Sweet By and By",site,228,"Darat Mas Amat Jauh",228,"Hulului Nama Tuhanku"
368,"Di Negri Yang Cemerlang","No Night There","John R. Clements","H. P. Danks","",427,"No Night There",title-match,229,"Dalam Negri Yang Terang",229,G
369,"Di Kota Allah Yang Indah","In the Christian's Home in Glory","William Hunter","J. W. Dadmun","",,"",,230,"Dalam Negri Rumah Bapa",230,"Di Luat Na Dao I"
370,"Oh Brapa Jauh Dari Rumah?","How Far From Home? I Asked","Annie R. Smith","","",439,"How Far From Home?",site,231,"Oh Brapa Jauh Dari Rumah",231,"Ditingki Udan Gotilon"
371,"Aku Klak Pandang Raja Surga","I Shall See The King","W. C Poole","B. D. Ackley","",426,"I Shall See the King",site,290,"Aku Klak Pandang Raja Surga",290,"Ale Tuhan Ndang Perak"
372,"Sebrang Langit Biru","Somewhere Beyond The Blue","A. B. S","Alfred B. Smith","1#=G 3/4",,"",,319,"Sebrang Langit Biru",319,"Modom Di Jesus Nasonang"
373,"Ya Di Sana","Over Yonder","H. de. F","Henry de Fluiter","",431,"Over Yonder",title-match,291,"Ya Di Sana",291,"Bohi Tu Bohi Manogot"
374,"Aku Mau Pulang","I'm On My Way Home","Warner Cole","D. Clarke","1#=G 4/4",,"",,321,"Aku Mau Pulang",321,"Apala Hupingkiri Tu Ho"
375,"Sudah Dekatlah Rumah Di Surga","Nearing Home","C. P Whitford","John R. Sweney","",,"",,292,"Sudah Dekatlah Rumah Disurga",292,"Rade Do Ho Tingki Haroro Ni Tuhan I"
376,"Suci, Suci, Malaikat Memuji","Holy, Holy, Is What The Angels Sing","Johnson Oatman, Jr","John R. Sweney","2#=D 4/4",425,"Holy Holy Is What The Angels Sing",title-match,,"",,""
377,"Rumah Kekal","The Homeland","Hugh R. Haweis","George C. Stebbins","",436,"The Homeland",site,,"",,""
378,"Rumahku Indah Di Surga","I&#39;m Going Home","William Hunter","William Miller","",437,"Im Going Home",title-match,,"",,""
379,"Lihatlah Rajamu Datang","Lo! He Come With Clouds","","Thomas Hastings","",211,"Lo! He Comes",site,216,"Lihatlah Rajamu Datang",216,"Na Sonang Modom Do Hita"
380,"Bersabdalah Ya Tuhan","Blessed Jesus, At Thy Word","Tobias Clausnitzer","Johan Rudolph Ahie","1#=G 4/4",60,"Blessed Jesus At Thy Word",title-match,,"",,""
381,"Kita Tak kan Tau","We Know Not The Hour","F. E. Belden","F. E. Belden","",604,"We Know Not the Hour",site,218,"Jam Kita Tak Tau",218,"Pangapul Ni Na Susa"
382,"Atas Gunung Mengembara","Long Upon The Mountains","Annie R. Smiyh","Jean J. Rouseau","",447,"Long Upon the Mountains",site,,"",,""
383,"Hai Angkatlah Kepalamu","Lift Up Your Heads","George Weissel","William Knap","",226,"Lift Up Your Heads",site,,"",,""
384,"Ku Berkelana","I'm Pilgrim","Mary S. B. Dana","Italian Air","",444,"I'm a Pilgrim",site,,"",,""
385,"Kita Hidup Skarang Ini","To Be Living Sublime","Arthur C. Coxe","The Alarm","",,"",,211,"Kita Hidup Skarang Ini",211,"Dongani Au Nunga Bot Ari I"
386,"Tak kan Berpisah Lagi","Never Part Again","Isaac Watts","Donald F. Haynes","",449,"Never Part Again",title-match,,"",,""
387,"Mari Hidup Rukun, Damai","Together Let Us Sweetly Live","Millenia Harp","Melvin West","",451,"Together Let Us Sweetly Live",site,,"",,""
388,"Betapa Indahnya Lagu Surgawi","What Heavenly Music","James White","Heanvenly Music","",452,"What Heavenly Music",site,,"",,""
389,"Satu Masa Yang Tertentu","Someday The Silver Cord Will Break","Fanny J. Crosby","George C. Stebbins","",,"",,122,"Satu Masa Yang Tertentu",122,"Molo Taihuthon Debatanta Tongtong"
390,"Angkat Nafiri","Lift Up The Trumpet","Jessie E. Strout","George E. Lee","3#=A 4/4",,"",,220,"Angkat Nafiri",220,"Beha Di Ingot Jesus Do Au"
391,"Aku Suka Critakan","I Love To Tell The Story","Katherine Hankey","William G. Fischer","1#=G 4/4",457,"I Love to Tell the Story",site,136,"Aku Suka Critakan",136,"Ngulungku Sude Tuhan"
392,"Lebih Kasih Tuhan, Kepada-Mu","More Love To Thee","Mrs. E. Prentiss","William H. Doane","1#=G 4/4",458,"More Love to Thee",site,,"",,""
393,"Aku Ada Sahabat","I Have A Friend So Precious","Mrs L. Shorey","Hubert P. Main","",456,"My Lord and I",site,116,"Aku Ada Sahabat",116,"O Tuhan Debata Parasi Roha I"
394,"Hai Jiwaku, Tuhan Di Sisimu","Be Still My Soul","Katharina Von Schlegel","Jean Sibelius","",461,"Be Still My Soul",site,,"",,""
395,"Damai, Damai Ajaib","Peace, Wonderful Peace","W. D. Cornell","W. G. Cooper","1#=G 6/8",463,"Peace, Perfect Peace",site,150,"Damai Ajaib",150,"Jaga Ho Tondingku"
396,"Raja Damai Tuntunlah","Prince Of Peace, Control My Will","","Melvin West","2#=D 3/4",153,"Prince of Peace Control My Will",site,,"",,""
397,"Betapa Teguh Persatuannya","What A Fellowship, What A Joy","E. A. Hoffman","A. J. Showalter","",469,"Leaning on the Everlasting Arms",site,100,"Betapa Teguh Persatuannya",100,"Sallangka Do Tu Jesus"
398,"Kalau Kau Mau Senang","If You Want Joy","J. D. C","Joseph D. Carison","",,"",,325,"Kalau Kau Mau Girang",325,"Tabo Do Nang Begeonta"
399,"Ada Sinar Dalam Jiwaku","There's Sunshine In My Soul Today","E. E. Hewitt","John R. Sweney","1#=G 4/4",470,"There's Sunshine in My Soul Today",site,,"",,""
400,"Bukalah Hatimu","You Must Open The Door","","","",,"",,326,"Bukalah Hatimu",326,"Hatopma, Hatop Ma Boan Narita I"
401,"Bapaku Kaya Rumah Dan Tanah","My Father Is Rich In Houses","Hattie E. Buel","John B. Summer","",468,"A Child of the King",site,112,"Bapaku Kaya Rumah Dan Tanah",112,"Jesus Togu-togu Au"
402,"Ingat Slalu Nama Yesus","Precious Name, O How Sweet","Lilian Baxter","William H. Doane","",474,"Take The Name Of Jesus With You",lyric-match,139,"Ingatkanlah Nama Yesus",139,"Amang Sai Tiop Tanganki"
403,"Sering Ku Dengar Lagu","A Song Of Heaven And Homeland","E. E. Rexford","Ira D. Sankey","",472,"A Song Of Heaven And Homeland",title-match,,"",,""
404,"Ya Allah Aku Mau Datang Dekat","Nearer, My God, To Thee","Sarah F. Adams","Lowell Mason","",473,"Nearer My God, to Thee",site,81,"Ya Allah Aku Mau",81,"Ho Si Jaga Huta Sion"
405,"Ada Balsem Di Gilead","Balm In Gilead","American Negro Spiritual","C. M. D","",475,"Balm In Gilead",title-match,,"",,""
406,"Beban Terangkat Di Kalvari","Burdens Are Lifted At Calvary","John M. Moore","John M. Moore","",476,"Burdens Are Lifted At Calvary",title-match,,"",,""
407,Duka,Heartaches,"Francess Ridley Havergal","Samuel Wesley","1#=G 4/4",,"",,75,Duka,75,"Halak Dagang Do Au Di Hasiangan On"
408,"Berdiam, Berdiam","Tread Softly","Fanny J. Crosby","William H. Doane","",479,"Tread Softly",title-match,128,"Berdiam, Berdiam",128,"Godang Ni Tua I"
409,"Ku kan Critakan Kepada Yesus","I Must Tell Jesus","Elisha A. Hoffman","Elisha A. Hoffman","2#=D 9/8",485,"I Must Tell Jesus",site,,"",,""
410,"Ya Matahari Jiwaku","Sun Of My Soul","John Keble","Katholicches Gesangbuch","",502,"Sun of My Soul",site,,"",,""
411,"Aku Masuk Dalam Taman","I Come To The Garden Alone","C. Austin Miles","C. Austin Miles","",487,"In the Garden",site,182,"Aku Masuk Dalam Taman",182,"Jesus Naung Sorang Di Betlehem I"
412,"Kami Sembah Sujud Allah","We Praise, O God, We Worship","L. E. Froom","L. E. Froom","",,"",,12,"Kami Sembah Sujud Allah",12,"Jou Jahowa Sipangolu."
413,"Yesus Yang Penuh Kasih","Jesus, Lover Of My Soul","Charles Wesley","Simeon B. Marsh","",490,"Jesus, Lover of My Soul",site,177,"Yesus Yang Berkasihan",177,"Debata Do Manjaga"
414,Kupercaya,"I Do Believe","Charles Wesley","I Do Believe C. M","",486,"I Do Believe",title-match,,"",,""
415,"Ku Harap Pada-Mu","I Need Thee Every Hour","Annie S. Hawks","Robert Lowry","",483,"I Need Thee Every Hour",site,180,"Ku Harap Pada-Mu",180,"O Bereng Ma Tuhanta Jesus"
416,"Ku Perlu Engkau, Yesus","I Need The, Precious Jesus","Frederick Whitfield",Rutherford,"",484,"I Need Thee, Precious Jesus",site,188,"Ku Perlu Engkau, Yesus",188,"Patimbo Ma Jesus Kristus"
417,"Bak Wanita Di Sumur","Fill My Cup, Lord","Richard Blanchard","Richard Blanchard","",493,"Fill My Cup Lord",title-match,,"",,""
418,"Semua Milik-Mu Tuhan","","Christ in Song","","",665,"All Things Come of Thee",site,,"",,""
419,"Bapa Ajarlah Aku","Like Jesus","James Montgomery","Harold A. Miller","",492,"Like Jesus",title-match,,"",,""
420,"Tuhan, Biarlah Hamba-Mu","O Lord, Now Let Your Servant","Ernest E. Ryden","David Evans","",67,"O Lord Now Let Your Servant",site,,"",,""
421,"Ada Tempat Diam Teduh","Near To The Heart Of God","","C. B. McAfee","",495,"Near to the Heart of God",site,35,"Ada Tempat Diam Teduh",35,"O Sijaga Huta Sion"
422,"Yesus Sahabat Terindah","What A Friend We Have In Jesus","John M. Scriven","Charles C. Converse","",499,"What a Friend We Have in Jesus",site,181,"Yesus Sahabat Terindah",181,"Ndang Tarlabanghon Au Muse"
423,"Sucikan Hatimu","Take Time To Be Holy","W. D Longstaff","George C. Stebbins","",500,"Take Time to Be Holy",site,46,"Sucikan Hatimu",46,"Lului Na Mago Mulak Tu Bara I"
424,"Kuperlu Doa Kasihku","I Need The Prayers","James D. Vaughan","James D. Vaughan","",505,"I Need the Prayers",site,,"",,""
425,"Bersabdalah, Ya Yesus","Speak To My Soul, Dear Jesus","Frances Ridley Havergal","Samuel Wesley","",,"",,186,"Bersabdalah, Ya Yesus",186,"Adong Do Sada Na Olo."
426,"Pertama Ku Mohon","At First I Prayed For Light","Mrs E. D. Cheney","C. E. Kettle","1#=G 3/4",488,"At First I Prayed for Light",site,176,"Pertama Ku Pinta",176,"Sikola Sabat Na Uli"
427,"Ku Perlu Pada-Mu Tuhan","Blessed Lord, How Much I Need","F. E. Belden","F. E. Belden","1#=G 3/4",,"",,187,"Ku Perlu Pada-Mu Tuhan",187,"Holan Mudar Ni Jesus"
428,"Taman Tempat Berdoa","There's A Garden Where Jesus Pray","Eleanor Allen Schroll","J. H. Fillmore","2#=D 6/4",,"",,189,"Taman Tempat Berdoa",189,"Silang Ni Lehon Ni Tuhanta"
429,"Berjagalah Skarang","Watch And Pray","","","",,"",,190,"Berjagalah Skarang",190,"Tabege Barita Ni"
430,"Bisik Doa Waktu Pagi","Whisper A Prayer","Frances Rudley Havergal","Samuel Wesley","1#=G 3/4",,"",,173,"Bisik Doa Waktu Pagi",173,"Ingot Ari Sabat"
431,"Ya Yesus, Ku Berjanji","O Jesus, I Have Promised","John E. Bode","Arthur H. Mann","1#=G 4/4",331,"O Jesus I Have Promised",site,51,"Ya, Yesus Ku Tlah Janji",51,"Jou-jou Na Parpudi Do Nuaeng Tu Ho"
432,"Saat Penghakiman","In The Hour Of Trial","James Montgomery","Spencer Lane","",491,"In the Hour of Trial",site,,"",,""
433,"Inilah Jam Ku Berdoa","Sweet Hour Of Prayer","William W. Walford","William B. Bradbury","",478,"Sweet Hour of Prayer",site,183,"Inilah Jam Ku Berdoa",183,"Pola Do Mate Jesus I"
434,"Ya Allah Kota Yang Teguh","A Mighty Fortress","Marthin Luther","Martin Luther","",506,"A Mighty Fortress",site,15,"Ya Allah Kota Yang Teguh",15,"Puji Hamu Ma Tuhan I"
435,"Jalan Serta Yesus Slalu Sejahtra","Anywhere With Jesus I Can Safely Go","Jessie H. Brown","D. B. Towner","",508,"Anywhere With Jesus",site,103,"Jalan Serta Jesus Slalu Sejahtera",103,"Hehe Do Tondingku Paspashon Biar Mi"
436,"Bila Ku Perlu Yesus Dekat","Just When I Need Him","William Poole","Charles H. Gabriel","",512,"Just When I Need Him Most",site,108,"Bila Kuperlu Yesus Dekat",108,"Hot Songon Batu Mamak"
437,"Ia Allah Tak kan Gagal","He Cannot Fail For He Is God","C. E. Mason Jr","C. E. Mason Jr","",,"",,311,"Ia Allah Tak Akan Gagal",311,"So Piga Taon Be"
438,"Tuhan Slalu Pimpin Aku","All The Way My Savior Leads Me","Fanny J. Crosby","Robert Lowry","1#=G 3/4",516,"All the Way",site,17,"Tuhan Slalu Pimpin Aku",17,"Huendehon Ma Debatangku."
439,"Ku Percaya Engkau","My Faith Looks Up To Thee","Ray Palmer","Lowell Mason","2#=D 4/4",517,"My Faith Looks Up to Thee",site,175,"Aku Percayalah",175,"Nunga Salpu Onom Ari"
440,"Pegang Teguh Janji Kristus","Standing On The Promises","R. Kelso Carter","R. Kelso Carter","",518,"Standing on the Promises",site,,"",,""
441,"Setiap Saat Dalam Kasih-Nya","Moment By Moment","Daniel W. Whittle","Mary Whittle","",507,"Moment By Moment",title-match,,"",,""
442,"Tak Ku Mengerti Rahmat-Nya","I Know Whom I Have Believed","Daniel W. Whittle","James Mc Granahan","2#=D 4/4",511,"I Know Whom I Have Believed",title-match,,"",,""
443,"Aku Membangun Harapan","My Hope Built On Nothing Less","Edward Mote","Wm. B. Bradbury","",522,"My Hope Is Built on Nothing Less",site,,"",,""
444,"Ku Alaskan Percayaku","My Faith Has Found A Resting Place","Lidie H. Edmunds","Norwegian Melody","1#=G 3/2",523,"My Faith Has Found a Resting Place",site,,"",,""
445,"Percaya Yang Menang","Faith Is The Victory","John H. Yates","Ira D. Sankey","2#=D 6/8",608,"Faith Is The Victory",title-match,90,"Percaya Yang Menang",90,"Jesus Parasiroha"
446,"Allah Utus Yesus Putra-Nya","Because He Lives","Gloria Gaither","William J. Gaither","",526,"Because He Lives",title-match,,"",,""
447,"Baik Berharap Pada Yesus","&#39;tis So Sweet To Trust In Jesus","Louisa M. R. Stead","William J. Kirkpatrick","1#=G 4/4",524,"'Tis So Sweet to Trust in Jesus",site,129,"Sedap Harap Pada Yesus",129,"Amudihon Au Tuhan"
448,"Tuhan Batu Karang Kita","The Lord Our Rock, In Him We Hide","Vermon J. Charlesworth","F. E. Belden","",528,"A Shelter in the Time of Storm",site,113,"Tuhan Batu Karang Kita",113,"Ndang Adong Marhasonangan"
449,"Tiap Hari Aku Slalu Berjalan","Day By Day","Carolina Sandell Berg","Oscar Ahnfelt","2#=D 4/4",532,"Day By Day",site,,"",,""
450,"Bri Ku Berjalan Dengan-Mu","O Master, Let Me Walk With Thee","Washington Gladden","H. Percy Smith","",574,"O Master, Let Me Walk With Thee",site,,"",,""
451,"Apakah Jangkarmu Akan Tahan?","Will Your Anchor Hold?","Priscilla J. Owens","William J. Kirkpatrick","",534,"Will Your Anchor Hold?",site,125,"Apakah Jangkarmu Akan Tahan?",125,"Ro Tu Jesus"
452,"Yesus Tak Pernah Gagal","Jesus Never Falls","A. A. Luther","A. A. Luther","",,"",,280,"Yesus Tak Pernah Gagal",280,"Molo Loja Ho Nang Bobonosan"
453,"Rindu Pada Yesus","Precious Redeemer, My Brother","H. de. F","Henry de Fluiter","",,"",,289,"Rindu Pada Yesus",289,"Hata Na Mura Ruar"
454,"Hatiku Rindu","I've A Longin In My Heart For Jesus","Dorothy Masters","Dorothy Masters","2#=D 4/4",,"",,313,"Hatiku Rindu",313,"Sonang Di Ampuan Na"
455,"Pada Saat Damai Perjalananku","When Peace Like A River","Horatio G. Spafford","Philip P. Bliss","",530,"It Is Well With My Soul",site,37,"Apabila Damai Perjalananku",37,"Kristus Do Na Manuktuhi"
456,"Kita Membangun Di Batu Karang","We'll Build On The Rock","F. E. Belden","F. E. Belden","1#=G 4/4",531,"Well Build On The Rock",title-match,,"",,""
457,"Tuhan Pimpin Spanjang Jalan","He Leadeth Me! O Blessed Thought","J. H. Gilmore","William B. Bradbury","",537,"He Leadeth Me",site,184,"Tuhan Pimpin Spanjang Jalan",184,"Ia Goar Na Badia"
458,"Laskar Kristus Bangun","Soldiers Of Christ, Arise","Charles Wesley","George J. Elvey","2#=D 4/4",616,"Soldiers of Christ Arise",site,,"",,""
459,"Bri Aku Jalan Serta-Mu","O Let Me Walk With Thee","Mrs. L. D. Avery Shuttle","Edwin Barnes","1#=G 3/4",554,"O Let Me Walk With Thee",site,53,"Bri Aku Jalan Serta Mu",53,"Bungka Dope Harbangan I"
460,"Yesus, Kemudikanlah","Jesus Savior, Pilot Me","Edward Hopper","John E. Gould","",551,"Jesus, Savior, Pilot Me",site,55,"Yesus, Kemudikanlah",55,"Hubege Jesus Manjou"
461,"Tuhan Adalah Gembalaku","The Lord's My Shepherd","Scottish Psalter","Jessie S. Irvine","",552,"The Lord's My Shepherd",site,,"",,""
462,"Ku Mencari Juruslamat","I Will Early Seek The Savior","Mrs. L.M. B Bateman","Fred A. Fillmore","",539,"I Will Early Seek the Savior",site,,"",,""
463,"Kalau Serta Tuhan","Trust And Obey","J. H. Sammis","Daniel B. Towner","",590,"Trust and Obey",site,145,"Kalau Serta Tuhan",145,"Tartanom Tu Hamatean"
464,"Jaminan Berkat Tuhan Janji","Blessed Assurance, Jesus Is Mine","Fanny J. Crosby","Mrs. Joseph F. Knapp","",462,"Blessed Assurance Jesus Is Mine",title-match,101,"Berkat Yang Tentu Tuhan Janji",101,"Tuhan Jesus Do Naeng Idaon Nami"
465,"Karna Bumi Yang Indah","For The Beauty Of The Earth","Folliot S. Pierpoint","Conrad Kocher","1#=G 4/4",564,"For Sunrise Hope and Sunset Calm",site,,"",,""
466,"Mari Puji Allah","Now Thank We All Our God","Martin Rinkart","Johan Cruger","",559,"Now Thank We All Our God",site,,"",,""
467,"Janganlah Lewatkan Aku","Pass Me Not, O Gentle Savior","Fanny J. Crosby","William H. Doane","1#=G 4/4",569,"Pass Me Not, O Gentle Savior",site,65,"Janganlah Lewatkan Aku",65,"Tangihon Ma Patik Ni Debata"
468,"Hanya Kristus","Not I, But Christ","A. A. F","Fannie E. Bolton","",570,"Not I, but Christ",site,,"",,""
469,"Bri Yang Terbaik Untuk Tuhan","Give Of Your Best To The Master","Howard B. Grose","Charlotte A. Barnard","",572,"Give of Your Best to the Master",site,,"",,""
470,"Ke Manapun Ku Mau Pergi, Tuhan","I'll Go Where You Want Me To Go","Mary Brown","Carrie E. Rousensefell","",573,"Ill Go Where You Want Me To Go",title-match,,"",,""
471,"Berdiri Karna Yesus","Stand Up! Stand Up For Jesus","George Dufield","George J. Webb","",618,"Stand Up! Stand Up for Jesus!",site,157,"Berdiri Karna Yesus",157,"Urupi Na Lilu"
472,"Tuhan Mengutus Engkau","So Send I You","E. Margaret Clarkson","John W. Peterson","",578,"So Send I You",site,,"",,""
473,"Pada Masa Seperti Skarang","In Times Like This","Ruth Caye Jones","Ruth Caye Jones","",593,"In Times Like These",site,,"",,""
474,"Tuhan Di Hadirat-Mu Ku Bersuka","O Thou In Whose Presence","Joseph Swain","Freeman Lewis","",36,"O Thou in Whose Presence",site,,"",,""
475,"Perhatikan Tanda Akhir Zaman","Look For The Waymarks","F. E. Belden","F. E. Belden","1#=G 4/4",596,"Look for the Waymarks",site,,"",,""
476,"Akukah Laskar Salib-Nya?","Am I A Soldier Of The Cross?","Isaac Watts","Thomas A. Arne","",609,"Am I a Soldier of the Cross?",site,,"",,""
477,"Hai Waris Surga","Heir Of The Kingdom","","Lowell Mason","",594,"Heir of the Kingdom",site,210,"Hai Waris Surga",210,"Nunga Potang Ari On"
478,"Biarlah Lampumu Makin Trang","Let Every Lamp Be Burning","F. E. Belden","F. E. Belden","",595,"Let Every Lamp Be Burning",site,217,"Tambahkanlah Trang Lampumu",217,"Di Tano On Manang Hasusaan"
479,"Hai Kristen, Jaga!","Stand Like The Brave","Fanny J. Crosby","W. B. Bradbury dan Philip Philips","1#=G 3/4",610,"Stand Like The Brave",title-match,134,"Hai Kristen, Jaga!",134,"Ditogu Au Sonang Na I"
480,"Bangun Umat Allah","Rise Up, O Church Of God","William P. Merill","William H. Walter","",615,"Rise Up O Church of God",site,,"",,""
481,"Jagalah Hai Umat Allah","Watch, Ye Saints","Mrs. Phoebe Palmer","William J. Kirkpatrick","",598,"Watch, Ye Saints",site,207,"Jagalah Hai Orang Saleh",207,"Ganup Manogot O Tuhan"
482,"Bergembiralah Kamu","Rejoice, Rejoice, Belivers","Laurentius Laurenti","Johan Michael Haydn","2#=D 4/4",599,"Rejoice, Rejoice, Believers",site,,"",,""
483,"Sorakkanlah Prang","Sound The Battle Cry","William F. Sherwin","William F. Sherwin","",614,"Sound the Battle Cry",site,107,"Sorakkanlah Prang",107,"Adong Gantung Di Hau I"
484,"Aku Senang Dan Girang Selalu","I'm So Happy And Here's The Reason Why","S. W. G","Stanton W. Gavit","2#=D 4/4",,"",,315,"Aku Senang Dan Girang Selalu",315,"Las Ma Roha Mangoloi Tuhanta"
485,"Maju Laskar Kristus","Onward, Christian Soldiers!","Sabine Baring-Gould","Arthur S. Sullivan","2#=D 4/4",612,"Onward, Christian Soldiers!",site,285,"Maju Tentra Yesus",285,"Parhaseang Hamu Tingki"
486,"Tuhan, Ini Persembahan Kami","Lord Of All Good","Alberth F. Bayly","Sydney Watson","2#=D 4/4",635,"Lord of All Good",site,,"",,""
487,"Maha Besar Allah","God Of Our Fathers","Daniel C. Roberts","George W. Warren","",645,"God of Our Fathers",site,,"",,""
488,"Khalik Dan Rajaku","My Maker And My King","Anne Steele","El Kader S. M","",15,"My Maker and My King",site,,"",,""
489,"Mataku Tlah Melihat","Mine Eyes Have Seen","Julia Ward Howe","Camp Meeting Song","",647,"Mine Eyes Have Seen the Glory",site,,"",,""
490,"Betapa Bahagianya Di Rumah Tangga","Love At Home","John H. McNaughton","John H. McNaughton","",652,"Love At Home",title-match,258,"Betapalah Eloknya Di Rumah Tangga",258,"Molo Dung Sahat Tu Tano Na Imbaru"
491,"Di Rumah",-,"","Jacob Breiter","1#=G 6/4",,"",,259,"Di Rumah",259,"Ise Do  Na Tutu Ringgas"
492,"Kasih-Mu Tuhan","O Perfect Love","Dorothy Blomfield Gurney","Joseph Barnby","",656,"O Perfect Love",site,261,"Oh Kasih Allah",261,"Jesus Do Ale-ale Sian Sudena I"
493,"Doa Ibu","My Mother&#39;s Prayer","W. Van De Venter","W. S. Weeden","",,"",,256,"Doa Ibu",256,"Di Dolok Nang Pe Di Rura"
494,"Di Dalam Sengsara Dan Keluhanku","Mid Pleasures And Palaces","John Howard Payne","Henry R. Bishop","",,"",,257,"Di Dalam Sengsara Dan Keluhanku",257,"Hami Panggadis Buku"
495,"Sungguh Senang Hatiku","It Is Morning In My Heart","A. H. Ackley","A. H. Ackley","",,"",,284,"Sungguh Girang Hatiku",284,"Molo Marisi Holong"
496,"Yesus Sahabat Terindah","What A Friend We Have In Jesus","Joseph Scriven","Charles C. Converse","",499,"What A Friend We Have In Jesus",title-match,306,"Yesus Sahabat Terindah",306,"Patogos Ma Botohon Mi"
497,"Mari Puji Raja Surga","Praise, My Soul, The King Of Heaven","Henry Francis Lyle","John Goess","2#=D 4/4",4,"Praise My Soul the King of Heaven",site,,"",,""
498,"Pemuda Skalian","We Have Heard Thy Call","C. Harold Lowden","C. Harold Lowden","",,"",,279,"Pemuda Skalian",279,"Na Mora Do Damang"
499,"Trang Dari Surga","Heavenly Sunshine","Charles E. Fuller","Charles E. Fuller","",,"",,310,"Trang Dari Surga",310,"Aha Do Na Masa Dongan"
500,"Pemuda Majulah",Volunteers,"A. W. Spalding","H. A. Miller","",,"",,283,"Pma Majulah!",283,"Ndang Sai Di Punsu Ni Dolok An"
501,"Kumpulan Orang Muda",-,"C. Lester Bond","E. Toral Seat","1#=G 2/4",,"",,296,"Kumpulan Orang Muda",296,"Ndang Adong Be Ilu"
502,"Karena Allah Kasih","For God So Loved The World","C. Austin Miles","C. Austin Miles","1#=G 3/4",,"",,314,"Karena Allah Cinta",314,"Ala Naung Mate Au Rap Jesus I"
503,Pandu-pandu,Pathfinders,"Henry T. Bergh","Henry T. Bergh","",,"",,295,Pandu-pandu,295,"Martua Dongan Angka Na Sabagas"
504,"Tiada Sahabat Seperti Yesus","No, Not One","Johnson Oatman","Geo. C. Hucc","1#=G 4/4",,"",,298,"Tiada Sahabat Seperti Yesus",298,"Molo Gok Hasusaan Do Ngolumi"
505,"Kita Maju Bersama","We'll March Along Together","John H. Hancock","John H. Hancock","",,"",,303,"Kita Maju Bersama",303,"Dibagasan Asi Na"
506,"Semua Orang Harus Tau","Everybody Ought To Know Jesus","","Harry Dicxon Loes","",,"",,307,"Semua Orang Harus Tau",307,"Aut Lam Sumolhot Ma Au On"
507,"Ku Tau Nama Yesus Terindah","Jesus Is The Sweetest Name I Know","","Lela Long","2#=D 4/4",253,"Theres No Other Name Like Jesus",lyric-match,316,"Nama Yesus Amat Indah",316,"Sian Dolok Ni Grunlan"
508,"Tuhan, Bri Kami Setia","Lord Keeps Us Faithful","Henry de Fluiter","Henry de Fluiter","",,"",,320,"Tuhan, Bri Kami Setia",320,"Debatangku Na Sumurung"
509,"Dalam Hati","Into My Heart","Harry D. Clarke","Harry D. Clarke","",,"",,318,"Dalam Hati",318,"Las Roha Manjaha Bibel I"
510,"Lebar Sperti Lautan","Wide, Wide As The Ocean","C. Austin Miles","C. Austin Miles","",,"",,308,"Lebar Sperti Lautan",308,"Ndang Adong Huta Na Hot"
511,"Ajaib Engkau Ya Yesus","Wonderful, Wonderful, Jesus","Benyamin A. Baur","Benyamin A. Baur","",,"",,312,"Ajaib Engkau Ya Yesus",312,"Adong Sada Luat Na Denggan"
512,"Apa Yang Dunia Perlu","What The World Need Is Jesus","Benjamin A. Baur","Benjamin A. Baur","3#=A 6/8",,"",,324,"Apa Yang Dunia Perlu",324,"O Parmahan Sai Togu Au"
513,"Sabat Diciptakan Allah","This Is The Day The Lord Hath Made","Isaac Watts","Lucius Chapin","",681,"This Is the Day the Lord Hath Made",site,,"",,""
514,"Kami Persembahkan Berkat-Mu","We Give Thee, But Thine Own","William Walsham How","Schumann S. M","1#=G 4/4",670,"We Give Thee But Thine Own",site,,"",,""
515,"Tuhan Ada Dalam Bait Allah","The Lord Is In His Holy Temple","","George F. Root","",687,"The Lord Is in His Holy Temple",site,3,"Tuhan Ada Dalam Kaabah",3,"Puji Goar Na"
516,"Dengar Ya Tuhan","O Thou Who Hearest Every","George Whelpton","","2#=D 4/4",668,"O Thou Who Hearest",site,332,"Dengar Ya Tuhan",332,"Jerusalem Na Uli"
517,"Dengar Ya Tuhan Kami Berdoa","Hear Our Prayer, O Lord","Frederick A. Jackson","Frederick Atkinson","",684,"Hear Our Prayer, O Lord",site,329,"Dengar Ya Tuhan Kami Berdoa",329,"Ra Di Manogot Di Na Binsar Ari Na"
518,"Sucilah Tuhan","Holy, Holy, Holy","John Philip Neuman","France Schubert","",661,"Holy, Holy, Holy",site,,"",,""
519,"Tuhan Memberkati Dan Melindungimu","The Lord Bless You Keep You","","Peter C. Lutkin","",669,"The Lord Bless You and Keep You",site,335,"Tuhan Memberkati Dan Memeliharamu",335,"Nda Sada Dakdanak Do Ahu"
520,"Kami Datang Dalam Doa","As We Come To You In Prayer","Ralph Carmichael","Ralph Carmichael","",671,"As We Come to You in Prayer",site,,"",,""
521,"Kiranya Allah Dalam Pikiranku","God Be In My Head","Sarum Primer","Lorayne Coombs","",679,"God Be in My Head",site,,"",,""
522,"Curahkan Berkat-Mu Ya Tuhan","Dismiss Us, Lord, With Blessing","L. E. Froom","L. E. Froom","",690,"Dismiss Us, Lord, With Blessing",site,338,"Curahkan Berkat-Mu Ya Tuhan",338,"Boan Dakdanak Tu Jesus"
523,"Tuhan Dengar Doa Kami","Almighty Father","","Felix Mendelssohn","1#=G 4/4",693,"Almighty Father",site,331,"Tuhan Dengar Doa Kami",331,"Sai Marlas Ni Roha Hita"
524,"Datanglah Ya Roh Allah","Spirit Of The Living God","Daniel Iverson","Daniel Iverson","",672,"Spirit of the Living God",site,,"",,""
525,"Masyhurkan Karunia-Nya","Proclaim His Grace","Bruce Ashton","Bruce Ashton","",,"",,,"",,""
