Letter,English Title,LS Number
','Tis Almost Time for the Lord,166
','Tis Love That Makes Us Happy,357
','Tis the Blessed Hour of Prayer,268
A,A Few More Years Shall Roll,140
A,A Mighty Fortress,434
A,A Song of Heaven and Homeland,403
A,A Wonderful Savior is Jesus,230
A,Abide With Me,45
A,Again the Day Return,349
A,Alas! And Did My Saviour Bleed?,274
A,All Creature of Our God and King,2
A,"All Glory, Laud and Honor",177
A,All Hail the Power of Jesus Name,38
A,All People That on Earth Do Dwell,21
A,All That Thrills My Soul,149
A,All the Way My Savior Leads Me,438
A,All Things are Thine,339
A,All Things Bright and Beautiful,83
A,All Things Come of Thee,418
A,Alleluya! Sing to Jesus!,135
A,Almighty Father,523
A,Almost Persuaded,225
A,Am I a Soldier of the Cross?,476
A,Amazing Grace,98
A,And Can It Be?,155
A,And Have the Bright Immensities,136
A,Angel Voices Sweetly Singing,309
A,Angels From the Realms of Glory,106
A,Angels We Have Heard on High,117
A,Another Six Day Work is Done,343
A,Anywhere With Jesus I Can Savely Go,435
A,As Birds Unto the Genial,346
A,As We Come to You in Prayer,520
A,Asleep in Jesus,138
A,At First I Prayed for Light,426
A,Awake My Soul! Stretch Every Nerve,22
A,Away in a Manger,108
B,Balm in Gilead,405
B,Be Still My Soul,394
B,Beautiful Valley of Eden,284
B,Because He Loves,446
B,Before Jehovah's Awful Throne,1
B,Beneath the Cross of Jesus,235
B,Beyond the Sunset,361
B,Bless be the Tie That Binds,293
B,"Blessed Assurance, Jesus is Mine",464
B,"Blessed Jesus, at Thy Word",380
B,"Blessed Jesus, Meek and Lowly",217
B,Blessed Lord How Much I Need,427
B,Break Thou the Bread of Life,204
B,"Breathe on Me, Breathe of God",198
B,"Bring Them In, Bring Them In",316
B,Bring Ye All the Tithes,266
B,Burden are Lifted at Calvary,406
C,Called to the Feast by the King,171
C,Can the World See Jesus in You,224
C,Can You Count the Stars,87
C,Chief of Sinner Thought I Be,231
C,Children of the Heavenly Father,90
C,Christ for the World We Sing,332
C,Christ is Alive,152
C,Christ is Coming,158
C,Christ the Lord is Risen Today,132
C,"Come Christians, Join to Sing",9
C,Come Every Soul by Sin Oppressed,206
C,"Come Ye Sinner, Poor and Needy",310
C,"Come, Let Us Sing",190
C,"Come, Thou Font of Every Blessing",275
C,"Come, We That Love the Lord",282
C,"Come, You Faithful",139
C,Count Your Many Blessings,292
D,Dare to Do Right,289
D,Day by Day,449
D,Day is Dying in the West,46
D,"Day of Judgment, Day of Wonders!",352
D,Dearer Than All,62
D,"Dismiss Us, Lord, With Blessing",522
D,Does Jesus Care,144
D,Don't Forget the Sabbath,347
D,Draw Me Nearer,237
D,Dying with Jesus by Death,129
E,"Eternal Father, Strong to Save",76
E,Every Body Ought to Know Jesus,506
F,Face to Face,162
F,"Fade, Fade Each Earthly Joy",218
F,Fairest Lord Jesus,179
F,Faith is the Victory,445
F,Faith of Our Father,236
F,Far and Near the Fields are Teeming,321
F,"Father, Lead Me Day by Day",354
F,"Father, We Come to Thee",68
F,Fill My Cup,417
F,For God So Love Us,74
F,For God so Loved the World,502
F,For the Beauty of the Earth,465
F,For You I am Praying,210
F,"Friends, Companions, Guides",295
F,From Greenlands Icy Mountains,322
F,"Fruitful Trees, the Spirit's Sowing",330
G,Give Me the Bible,200
G,Give of Your Best to the Master,469
G,"Gladly, Gladly Toiling For the Master",319
G,Gleams of the Golden Morning,95
G,Glory Be to the Father,57
G,"Go Forth, Go Forth with Jesus",337
G,Go Tell It on the Mountain,107
G,God Be My Head,521
G,God Be with You,54
G,God has Spoken by His Prophets,355
G,God Himself is with Us,3
G,God is Here,51
G,God of Our Fathers,487
G,God Will Take Care of You,88
G,"God, Who Made the Earth and Heaven",44
G,God's Free Mercy Streameth,96
G,Good Night,43
G,Great is Thy Faithfulness,89
G,Great Our Joy as Now We Gather,53
H,Hail the Day That Sees Him Rise,142
H,Happy Day,272
H,Happy the Home,338
H,Hark! The Herald Angels Sing,105
H,Hark! The Voice of Jesus Calling,304
H,"Have Thine Own Way, Lord",271
H,He Cannot Fail for He is,437
H,He Knows,294
H,He Leadeth Me! O Blessed Thought,457
H,He Lives,188
H,Hear Our Prayer O Lord,517
H,Heartaches,407
H,Heavenly Sunshine,499
H,Heir of the Kingdom,477
H,Hiding In Thee,219
H,Higher Ground,232
H,Hold the Fort,302
H,"Holiday, Jehovah's Rest",341
H,"Holy God, We Praise Your Name",30
H,Holy is the Lord,518
H,Holy Sabbath Day of Rest,340
H,"Holy Spirit, Faithful Guide",192
H,"Holy Spirit, Light Divine",199
H,"Holy, Holy, Holy",13
H,"Holy, Holy, is What the Angels",376
H,Home Heavenly Home,366
H,"Hover O'er Me, Holy Spirit",193
H,How Beauteous are Their Feet,324
H,How Far From Home? I Asked,370
H,"How Firm a Foundation, Ye Saints",10
H,How Great Thou Art,77
H,How Lovely Is Thy Dwelling Place,52
H,How Sweet are the Tidings,97
I,I am Coming Lord,208
I,I am Coming to the Cross,238
I,I am Thinking to Day,362
I,I can Hear My Saviour Calling,257
I,I Come to the Garden Alone,411
I,I Do Believe,414
I,I Gave My Life for Thee,207
I,I Have a Friend So Precious,393
I,I Have a Song That Jesus Gave Me,254
I,I Heard the Voice of Jesus Say,69
I,"I Know I Love Thee Better, Lord",311
I,I Know Whom I Have,442
I,I Lay My Sins on Jesus,228
I,I Love Thee,178
I,I Love to Tell the Story,391
I,I Must Have the Savior With Me,313
I,I Must Tell Jesus,409
I,I Need Jesus,359
I,"I Need Thee, Every Hour",415
I,"I Need Thee, Precious Jesus",416
I,I See Jesus,299
I,I Shall See the King,371
I,I Share My Faith,328
I,I Sing the Mighty Power of God,79
I,I Surrender All,240
I,I Think When I Read the Sweet Story,122
I,I Want to be Ready When Jesus Comes,161
I,I Will Early Seek the Savior,462
I,"I Will Follow Thee, My Savior",211
I,I Will Never Leave Thee,253
I,I Will Sing of Jesus' Love,145
I,I Will Sing of My Redeemer,288
I,I Would Be Like Jesus,242
I,I Would Draw Nearer to Jesus,241
I,I Would Like to Tell You,64
I,I'd Rather Have Jesus,252
I,I'll Go Where You Want,470
I,I'm a Pilgrim,384
I,I'm But a Stranger Here,317
I,I'm Going Home,378
I,I'm on My Way Home,374
I,I'm So Glad That Our Father,312
I,I'm So Happy an Here the Reason Why,484
I,I've Found a Friend,148
I,I've Longing in My Heart for Jesus,454
I,If You Want Joy,398
I,"Immortal, Invisible, God Only Wise",23
I,In a Little While We're Going Home,159
I,In Heavenly Love Abiding,42
I,In the Christian's Home in Glory,369
I,In the Cross of Christ I Glory,181
I,In the Glad Time of the Harvest,173
I,In the Heart of Jesus,19
I,In the Hour of Trial,432
I,In the Service of the King,335
I,In the Sweet by and by,367
I,In Times Like These,473
I,Into My Heart,509
I,Is My Name Written There,264
I,Is Your All on the Altar,67
I,It Came Upon the Midnight Clear,109
I,It is Morning in My Heart,495
I,It May Be at Morn,160
I,It Took a Miracle,99
I,It's in My Heart,66
J,Jerusalem the Golden,365
J,"Jerusalem, My Happy Home",363
J,"Jesus Call's Me, I Follow",223
J,Jesus I Come,221
J,Jesus is All the World to Me,147
J,Jesus is Coming Again,163
J,"Jesus is Tenderly Calling, Thee Home",216
J,Jesus is the Sweetest Name I Know,507
J,Jesus Lover of My Soul,227
J,Jesus Loves Me,156
J,Jesus Never Fails,452
J,Jesus O How Sweet The Name,296
J,Jesus Paid It All,146
J,"Jesus Save, Jesus Save",279
J,"Jesus Savior, Pilot Me",460
J,Jesus Walked This Lonesome Valley,124
J,"Jesus, Lover of My Soul",413
J,"Jesus, My Cross Have Taken",250
J,"Jesus, Tender Shepherd, Hear Me",50
J,"Jesus, the Very Thought of Thee",180
J,"Jesus, What a Friend for Sinners",336
J,"Jesus, Your Blood and Righteousness",134
J,Joy to the World,114
J,"Joyful, Joyful, We Adore Thee",11
J,Just As I am,259
J,Just When I Need Him,436
L,Lead Me to Calvary,245
L,"Lead On, O King Eternal",234
L,Lead Thou Me On,61
L,Let All on Earth Their Voices Raise,80
L,Let All Things Living,34
L,Let Every Lamp be Burning,478
L,Let Our Hearts be Always Cheerful,100
L,Let the Lower Lamps be Burning,320
L,Let Us With a Gladsome Mind,39
L,Lift Him Up,306
L,Lift Up the Trumpet,390
L,Lift Up Your Heads,383
L,"Light of Light, Enlighten Me",348
L,Like a River Glorious,70
L,Like Jesus,419
L,Live Out Thy Life Within Me,244
L,Live Out Thy Life Within Me,333
L,Living for Jesus,128
L,Lo! He Come With Clouds,379
L,"Lo, How a Rose E'er Blooming",110
L,Long Upon the Mountain,382
L,Look for the Waymarks,475
L,Look Upon Jesus Sinless in He,189
L,"Look, Ye Saints! The Sight Is",133
L,Lord I Want to be A Christian,247
L,Lord in the Morning,37
L,Lord Keeps Us Faithful,508
L,"Lord of All Being, Throned Afar",16
L,Lord of All Good,486
L,Lord of All Nation,78
L,Lord of the Sabbath,344
L,"Lord, Be Merciful",356
L,"Lord, Dismiss Us With Thy Blessing",55
L,"Lord, I Have Made Thy Word My Choice",201
L,"Lord, I Hear of Shower",197
L,"Lord, I'm Coming Home",226
L,"Lord, Keep Us Safe This Night",17
L,"Lord, Make Me More Holy",59
L,Love at Home,490
L,Love Divine,5
M,Marvelous Grace,93
M,Mid Pleasure and Palaces,494
M,Mine Eyes Have Seen,489
M,Missionary Farewell,308
M,Moment by Moment,441
M,More About Jesus,183
M,More Love to Thee,392
M,Must Just Bear the Cross Alone,220
M,My Faith Has Found a Resting Place,444
M,My Faith Looks Up to Thee,439
M,My Father is Rich in Houses,401
M,My Hope is Build on Nothing Less,443
M,My Jesus I Love Thee,248
M,My Maker and My King,488
M,My Mother's Prayer,493
M,My Shepherd Will Supply My Need,91
M,My Song Shall Be of Jesus,182
N,Near to the Heart of God,421
N,Nearer Still Nearer,233
N,Nearer The Cross,243
N,"Nearer, My God, to Thee",404
N,Nearing Home,375
N,Need the Prayers,424
N,Never Give Up,258
N,Never Part Again,386
N,New Songs of Celebration Render,12
N,No Night There,368
N,"No, Not One",504
N,"Not I, But Christ",468
N,Nothing Between,249
N,Now is Born the Divine Christ Child,112
N,Now Thank We All Our God,466
N,Now the Day is Over,48
N,Now the Joyful Bells A-Ringing,24
O,O Beulah Land! Sweet Beulah Land,360
O,"O Come, All Ye Faithful",111
O,"O Come, O Come, Immanuel",101
O,O Could I Speak the Matchless,14
O,O Day of Rest and Gladness,345
O,O Depth of Mercy,297
O,O For a Heart to Praise My God,261
O,O For a Thousand Tongues to Sing,187
O,O For That Flame of Living Fire,196
O,"O God, Our Help",94
O,"O Jesus, I Have Promised",431
O,"O Jesus, Thou Art Standing",209
O,O Let Me Walk With Thee,459
O,O Listen to Our Wondrous Story,82
O,O Little Town of Betlehem,115
O,"O Lord, Now Let Your Servant",420
O,"O Love of God, How Strong and True",176
O,O Love That Wilt Not Let Me Go,72
O,O Master Let Me Walk With Thee,450
O,O Perfect Love,492
O,O Praise Ye the Lord,18
O,O Sacred Head Now Wounded,126
O,O Shepherd Divine,151
O,O Sing a New Song to the Lord,20
O,"O Sing, My Soul, Your Maker's Praise",36
O,O That Will be Glory for Me,263
O,O the Beautiful Hills,364
O,O Thou in Whose Presence,474
O,O Thou Who Hearest Every,516
O,O Wait and Murmur Not,300
O,O Worship the King,86
O,O Worship the Lord,8
O,O Zion Haste,305
O,"O, How I Love Jesus",185
O,O'er All the Land Have the Signs,172
O,On Jordan Storm Banks,278
O,On Our Way Rejoicing,58
O,Once in Royal David's City,125
O,"Onward, Christian Soldiers",485
O,Open Mine Eyes,251
O,Over Yonder,373
P,"Pass Me Not, O Gentle Savior",467
P,Pathfinders,503
P,Peace Wonderful Peace,395
P,Power in the Blood,222
P,Praise Him! Praise Him,186
P,Praise the Lord! You Heavens Adore Him,26
P,"Praise the Lord, His Glories Show",25
P,Praise Ye the Lord,4
P,"Praise Ye, the Father",65
P,"Praise, My Soul, the King of Heaven",497
P,"Precious Name, O How Sweet",402
P,"Precious Redeemer, My Brother",453
P,"Prince of Peace, Control My Will",396
P,Proclaim His Grace,525
R,Redeemed,277
R,Rejoice the Lord is King,75
R,"Rejoice, Rejoice Believers",482
R,"Rejoice, Ye Pure in Heart",27
R,Rescue the Perishing,323
R,Ring the Bells of Heaven,273
R,"Rise Up, O Church of God",480
R,Rock of Ages,358
S,Save in the Arms of Jesus,298
S,Savely Through Another Week,350
S,"Savior, Again to Thy Dear Name",60
S,"Savior, Breathe an Evening Blessing",49
S,"Savior, Lead Me Lest I Stray",40
S,"Savior, Like a Shepherd",35
S,"Saviour, Thy Dying Love",215
S,Shall We Gather at the River,170
S,Shall You? Shall I?,291
S,Showers of Blessing,150
S,"Silent Night, Holy Night",120
S,Sing Praise to the Lord,29
S,Sitting at the Feet of Jesus,290
S,So Send I You,472
S,So Wash Me Thou Without Within,287
S,Softly and Tenderly,213
S,Softly Now the Light of Day,47
S,"Soldiers of Christ, Arise!",458
S,Someday the Silver Cord Will Break,389
S,Somewhere Beyond the Blue,372
S,Sound the Battle Cry,483
S,Sowing in the Morning,327
S,"Speak to My Soul, Dear Jesus",425
S,Spirit of God,194
S,Spirit of the Living God,524
S,Spring Has Now Unwrapped the Flowers,84
S,Stand Like the Brave,479
S,Stand Up! Stand Up for Jesus!,471
S,Standing on the Promises,440
S,Sun of My Soul,410
S,Sweet Hour of Prayer,433
S,"Sweet, Sweet Spirit",195
T,Take Me as I'am,267
T,Take My Life and Let It Be,265
T,Take the World but Give Me Jesus,255
T,Take Time to be Holy,423
T,Tell Me the Story of Jesus,123
T,Tell Out My Soul,31
T,The Advent of Our God,104
T,The Cleansing Waves,256
T,The Coming King is at the Door,174
T,The Dawn of God's Dear Sabbath,41
T,The First Noel,103
T,The Great Physician Now is Near,175
T,The Homeland,377
T,The Lord be With Us as We Bend,56
T,The Lord Bless You and Keep You,519
T,The Lord in Zion Reigneth,6
T,The Lord is Coming,157
T,The Lord is in His Holy Temple,515
T,The Lord Is My Light,153
T,"The Lord Our Rock, in Him We Hide",448
T,The Lord's My Shepherd,461
T,The Love of God is Greater Far,73
T,The Old Rugged Cross,127
T,The Savior is Waiting,214
T,The Spacious Firmament,85
T,The Strike is O'er,141
T,The Unveiled Christ,143
T,The Wonder of It All,71
T,There Comes to My Heart,285
T,There is a Fountain Filled With Blood,276
T,There Were Ninety and Nine,63
T,There'll Be No Dark Valley,164
T,There's a Garden Where Jesus Pray,428
T,There's a New Day Dawning,167
T,There's a Song in the Air,102
T,There's a Spirit in the Air,334
T,There's a Stranger at the Door,315
T,There's a Wideness,92
T,There's No Other Name Like Jesus,191
T,There's Sunshine in My Soul Today,399
T,They Brought Their Gift to Jesus,260
T,Thine is the Glory,137
T,This is the Day the Lord Hath Made,513
T,This is the Threefold Truth,165
T,Tho' Your Sins be As Scarlet,270
T,Thou Didst Leave Thy Throne,116
T,Though I Speak With Tongues,202
T,Thy Word is a Lantern,203
T,Tis so Sweet to Trust in Jesus,447
T,To be Living is Sublime,385
T,To God Be the Glory,280
T,Together Let Us Sweetly Live,387
T,Toiling On,329
T,Tread Softly,408
T,Trust and Obey,463
T,Turn Your Eyes Upon Jesus,205
U,Under His Wings,303
V,Volunteers,500
W,Waiting and Watching,154
W,Wake the Song,33
W,Walk in the Light,269
W,Watch an Pray,429
W,Watch Ye Saints,481
W,"Watchman, Blow the Gospel",307
W,We Gather Together,7
W,"We Give Thee, but Thine Own",514
W,We Have Heard Thy Call,498
W,We Have This Hope,168
W,We Know Not the Hour,381
W,We Love Thy Sabbath Lord,342
W,"We Praise, O God, We Worship",412
W,We Speak of the Realms,15
W,We Three King,113
W,We Would See Jesus,28
W,We'll Build on the Rock,456
W,We'll March Along Together,505
W,We've A Story to Tell,331
W,"Welcome, Delightful Morn",351
W,Were You There?,131
W,"What a Fellowship, What a Joy",397
W,What a Friend We Have in Jesus,422
W,What a Friend We Have in Jesus,496
W,What Child is This,119
W,What Heavenly Music,388
W,What Joy It Is to Worship Here,301
W,What the World Need is Jesus,512
W,When Cross the Crowded Ways,314
W,When I Survey,130
W,When I Survey the Wondrous Cross,281
W,When Jesus Shall Gather the Nations,286
W,When Peace Like a River,455
W,When the Roll is Called Up,169
W,Where are the Reapers?,325
W,While Shepherds Watched Their,118
W,Whisper a Prayer,430
W,Whiter than Snow,246
W,Who is He in Yonder Stall?,121
W,Wholly Thine,239
W,Whosoever Will,283
W,Why Not Now,262
W,"Wide, Wide as the Ocean",510
W,Will Your Anchor Hold,451
W,With Reverence Let the Saints,32
W,Wonderful Words of Life,212
W,"Wonderful, Wonderful, Jesus",511
W,Work for the Night is Coming,326
W,"Worthy, Worthy is the Lamb",184
Y,Ye Watches and Ye Holy Ones,81
Y,Yield Not to Temptation,318
Y,You Must Open the Door,400
Y,You That Know the Lord,353
