ls_number,ls_title,sda_hymnal_num,sda_hymnal_title,sda_source
1,"Di Hadapan Hadirat-Mu",82,"Before Jehovah's Awful Throne",site
2,"Hai Segnap Ciptaan Tuhan",2,"All Creatures of Our God and King",site
3,"Tuhan Allah Hadir",3,"God Himself Is With Us",site
4,"Puji Tuhan",1,"Praise to the Lord",site
5,"Kasih Surga Yang Terindah",191,"Love Divine",site
6,"Tuhan Raja Di Sion",7,"The Lord in Zion Reigneth",site
7,"Kita Berhimpun",8,"We Gather Together",site
8,"Sembahlah Tuhan",6,"O Worship the Lord",site
9,"Hai Kristen Nyanyilah",10,"Come Christians Join To Sing",title-match
10,"Betapa Teguhnya",509,"How Firm A Foundation",site
11,"Dengan Riang Kami Puji",12,"Joyful, Joyful, We Adore Thee",site
12,"Nyanyikanlah Kidung Yang Baru",13,"New Songs of Celebration Render",site
13,"Suci, Suci, Suci",73,"Holy, Holy, Holy",site
15,"Aku Senang Mencritakan",434,"We Speak of the Realms",site
16,"Tuhan Bertakhta Di Surga",17,"Lord of All Being, Throned Afar",site
18,"Pujilah Allah",20,"O Praise Ye the Lord",site
19,"Hati Yesus Penuh",577,"In the Heart of Jesus",site
20,"Kidung Yang Baru",19,"O Sing a New Song to the Lord",site
21,"Pada-Mu Allah Ku Puji",16,"All People That on Earth Do Dwell",site
22,"Hai Jiwaku Bangun Segra",611,"Awake, My Soul",site
23,"Allah Yang Abadi",21,"Immortal, Invisible, God Only Wise",site
24,"Dengar Lonceng Berdentang",23,"Now the Joyful Bells A-Ringing",site
25,"Puji Tuhan Yang Mulia",25,"Praise the Lord, His Glories Show",site
26,"Puji Tuhan Hai Manusia",26,"Praise the Lord! You Heavens Adore Him",site
27,"Mari Umat Allah",27,"Rejoice, Ye Pure in Heart!",site
28,"Kami Mau Lihat Yesus Juruselamat",494,"We Would See Jesus",title-match
29,"Puji Allah Yang Bertakhta",29,"Sing Praise to God",site
30,"Kuduslah Nama Tuhan",30,"Holy God, We Praise Your Name",site
31,"Critakan Keagungan Tuhanmu",31,"Tell Out My Soul",site
33,"Nyanyikan Dengan Gembira",34,"Wake the Song",site
34,"Semua Makhluk Puji Tuhan",560,"Let All Things Now Living",title-match
35,"Yesus Bagaikan Gembala",545,"Savior, Like a Shepherd",site
36,"Menyanyilah Hai Jiwaku",37,"O Sing, My Soul, Your Maker's Praise",site
37,"Waktu Pagi Ya Tuhanku",39,"Lord, in the Morning",site
38,"Mari Puji Nama Yesus",229,"All Hail the Power of Jesus' Name",site
39,"Puji Syukur Bagi-Nya",112,"Let Us With a Gladsome Mind",site
41,"Sambutlah Sabat Tuhan",40,"The  Dawn of God's Dear Sabbath",site
42,"Di Dalam Kasih Allah",513,"In Heavenly Love Abiding",site
44,"Allah Khalik Langit, Bumi",47,"God Who Made The Earth And Heaven",title-match
45,"Tlah Hampir Malam",50,"Abide With Me",site
46,"Matahari Terbenam",51,"Day Is Dying in the West",site
47,"Dengan Lembut Trang Siang",48,"Softly Now the Light of Day",site
48,"Siang Sudah Lalu",52,"Now the Day Is Over",site
49,"Yesus Berkati Kami",49,"Savior, Breathe an Evening Blessing",site
50,"Yesus Gembala, Dengarlah",55,"Jesus Tender Shepherd Hear Me",site
51,"Di Sini Yehovah Hadir",61,"God Is Here",site
52,"Betapa Indah Rumah-Mu",62,"How Lovely Is Thy Dwelling Place",site
53,"Kita Berkumpul Bersatu",59,"Great Our Joy As Now We Gather",site
54,"Harap Allah Beserta Kamu",65,"God Be With You",site
55,"Ya Allah Berkati Kami",64,"Lord, Dismiss Us With Thy Blessing",site
57,"Muliakan Tuhan Allah",660,"Glory Be to the Father",site
58,"Majulah Berjalan",68,"On Our Way Rejoicing",title-match
59,"Tuhan Jadikanlah Kami Lebih Suci",69,"Lord Make Us More Holy",site
65,"Pujilah Bapa",70,"Praise Ye the Father",site
69,"Ku Mendengar Suara Tuhan",465,"I Heard The Voice Of Jesus",title-match
70,"Sempurna Dan Mulia",74,"Like a River Glorious",site
71,"Ajaiblah Terbenamnya Mentari",75,"The Wonder Of It All",title-match
72,"Besar Kasih-Mu Ya Allah",76,"O Love That Wilt Not Let Me Go",site
74,"Karna Demikian Besar Kasih-Nya",78,"For God So Loved Us",site
75,"Bersukacitalah, Tuhan Raja Surga",221,"Rejoice, the Lord Is King",site
76,"Bapa Kekal Yang Slamatkan",85,"Eternal Father, Strong to Save",site
77,"Ya Tuhanku Sungguh Ku Terpesona",86,"How Great Thou Art",title-match
78,"Tuhan Atas Sgala Bangsa",588,"Lord of All Nations",site
79,"Ku Puji Tuhan Yang Ciptakan",88,"I Sing the Mighty Power of God",site
80,"Segnap Bumi Bersoraklah",89,"Let All On Earth Their Voices Raise",site
81,"Hai Mlaikat Suci Di Surga",91,"Ye Watchers and Ye Holy Ones",site
82,"Hai, Dengarlah Kisah Ajaib",180,"O Listen to Our Wondrous Story",site
83,"Alam Indah Cemerlang",93,"All Things Bright and Beautiful",site
84,"Musim Semi Tlah Datang",95,"Spring Has Now Unwrapped the Flowers",site
85,"Sungguh Luas Cakrawala",96,"The Spacious Firmament",site
86,"Sembahlah Allah Yang Maha Mulia",83,"O Worship the King",site
87,"Dapatkah Kau Hitung Semua Bintang",98,"Can You Count the Stars?",site
88,"Tuhan Pliharakan",99,"God Will Take Care of You",site
89,"Besarlah Ya Tuhan Kasih Setia-Mu",100,"Great Is Thy Faithfulness",site
90,"Umat Allah Yang Pengasih",101,"Children of the Heavenly Father",site
91,"Gembalaku, Penolongku",104,"My Shepherd Will Supply My Need",site
92,"Besarlah Anugrah Tuhan",114,"There's a Wideness",site
93,"Rahmat Tuhan",109,"Marvelous Grace",site
94,"Oh Tuhan Perteduhanku",103,"O God, Our Help",site
95,"Fajar Harapan Segra Menjelang",205,"Gleams of the Golden Morning",site
96,"Limpah Rahmat Allah",110,"God's Free Mercy Streameth",site
97,"Betapa Manisnya Kabar Yesus",442,"How Sweet Are the Tidings",site
98,"Sungguh Ajaib Anugrah-Mu",108,"Amazing Grace",site
99,"Bapaku Maha Kuasa",111,"It Took A Miracle",title-match
101,"O, Datanglah Imanuel",115,"O Come, O Come, Immanuel",site
102,"Ada Lagu Merdu",120,"There's a Song in the Air",site
103,"Malam Natal",118,"The First Noel",site
104,"Kedatangan Tuhan",117,"The Advent of Our God",site
105,"Dengar Malaikat Nyanyi",122,"Hark! the Herald Angels Sing",site
106,"Hai Malaikat Surga Mulia",119,"Angels, from the Realms of Glory",site
107,"Pergilah Dan Kabarkan",121,"Go Tell It On The Mountain",title-match
108,"Di Dalam Palungan",124,"Away in a Manger",site
109,"Di Malam Cerah Bergema",130,"It Came Upon the Midnight Clear",site
110,"Pandanglah Bunga Mawar",131,"Lo, How a Rose E'er Blooming",site
111,"Mari Umat Tuhan",132,"O Come, All Ye Faithful",site
112,"Tlah Lahir Yesus Yang Kudus",133,"Now Is Born The Divine Christ Child",title-match
113,"Tiga Raja Dari Timur",137,"We Three Kings of Orient Are",site
114,"Kesukaan Bagi Dunia",125,"Joy to the World!",site
115,"Hai Betlehem Yang Senyap",135,"O Little Town of Bethlehem",site
116,"Kau Tinggalkan Takhta Surga",140,"Thou Didst Leave Thy Throne",site
117,"Dengar Suara Malaikat",142,"Angels We Have Heard On High",site
118,"Kala Gembala Menjaga",139,"While Shepherds Watched Their Flocks",title-match
119,"Siapa Bayi Yang Berbaring",141,"What Child Is This?",site
120,"Malam Kudus, Sunyi Senyap",143,"Silent Night, Holy Night",site
121,"Siapa Dia Nun Di Sana?",150,"Who Is He In Yonder Stall",title-match
122,"Bila Ku Renungkan",146,"I Think When I Read That Sweet Story",site
123,"Critakanlah Kisah Yesus",152,"Tell Me the Story of Jesus",site
124,"Yesus Berjalan Sendiri",151,"Jesus Walked This Lonesome Valley",title-match
125,"Dahulu Di Kota Daud",149,"Once in Royal David's City",site
126,"Kepala-Mu Yang Luka",156,"O Sacred Head Now Wounded",site
127,"Salib Di Bukit Golgota",159,"The Old Rugged Cross",site
129,"Aku Tlah Mati Bersama Yesus",507,"Moment by Moment",site
130,"Bila Ku Pandang Salib-Mu",154,"When I Survey the Wondrous Cross",site
131,"Renungkanlah Tuhan",158,"Were You There?",site
132,"Penebus Bangkit Sudah",166,"Christ the Lord Is Risen Today",site
133,"Pandanglah Penebus Kita",165,"Look, You Saints! the Sight Is Glorious",site
134,"Kebenaran-Mu, Darah-Mu",177,"Jesus, Your Blood and Righteousness",site
135,"Haleluya! Puji Yesus",167,"Alleluia Sing to Jesus",site
136,"Sungguh Mulia Dan Cemerlang",168,"And Have the Bright Immensities",site
137,"Yesus Tlah Menang",171,"Thine Is the Glory",site
139,"Marilah Yang Setiawan",169,"Come, You Faithful",site
141,"Perjuangan Berakhirlah",172,"The Strife Is O'er",site
142,"Sambutlah Kebangkitan-Nya",176,"Hail the Day That Sees Him Rise",site
143,"Tirai Tlah Dibuka-Nya",178,"The Unveiled Christ",title-match
144,"Adakah Yesus Lindung Aku",181,"Does Jesus Care?",site
145,"Ku Akan Menyanyikan",183,"I Will Sing of Jesus' Love",site
146,"Tuhanku Berkata",184,"Jesus Paid It All",site
147,"Yesus Harta Yang Terindah",185,"Jesus Is All the World to Me",site
148,"Padaku Ada Sahabat",186,"I've Found a Friend",site
149,"Siapa Yang Dapat Menghibur",189,"All That Thrills My Soul",title-match
150,"Segra Datang Hujan Berkat",195,"Showers of Blessing",site
151,"Gembala Agung, Engkau Milikku",192,"O Shepherd Divine",site
152,"Kristus Hidup! Bernyanyilah",182,"Christ Is Alive",site
153,"Tuhan Terangku",515,"The Lord Is My Light",site
155,"Dapatkah Aku Disucikan?",198,"And Can It Be?",site
156,"Kasih Yesus Padaku",190,"Jesus Loves Me",site
157,"Tuhan kan Datang Segra",200,"The Lord Is Coming",site
158,"Kristus Datang Segra",201,"Christ Is Coming",site
159,"Tak Lama Lagi Masuk Surga",626,"In a Little While We're Going Home",site
160,"Mungkin Saja Saat Fajar Merekah",207,"It May Be at Morn",site
162,"Muka Dengan Muka Nanti",206,"Face to Face",site
163,"Angkat Nafiri",213,"Jesus Is Coming Again",site
164,"Tiada Lagi Lembah Kegelapan",208,"There'll Be No Dark Valley",site
165,"Tiga Kebenaran",203,"This Is the Threefold Truth",site
166,"Kedatangan Tuhan Tlah Dekat",212,"Tis Almost Time For The Lord To Come",title-match
168,"Kita Memiliki Pengharapan",214,"We Have This Hope",site
169,"Bila Trompet Allah Berbunyi",216,"When the Roll Is Called Up Yonder",site
170,"Akan Berkumpulkah Kita",432,"Shall We Gather at the River",site
175,"Yesuslah Penyembuh Agung",254,"The Great Physician Now Is Near",site
176,"Kasih Allah Benar dan teguh",79,"O Love of God, How Strong and True!",site
177,"Hormat Dan Puji Bagi-Mu",230,"All Glory, Laud, and Honor",site
178,"Ku Kasih Pada-Mu Ya Yesus Tuhanku",236,"I Love Thee",site
179,"Yesus Terindah",240,"Fairest Lord Jesus",site
180,"Jika Ku Mengenang Tuhan",241,"Jesus, the Very Thought of Thee",site
181,"Di Salib Kristus Ku Puji",237,"In the Cross of Christ I Glory",site
182,"Kunyanyikan Hal Yesus",244,"My Song Shall Be of Jesus",site
183,"Ku Ingin Tahu Kasih Yesus",245,"More About Jesus",site
184,"Layaklah Domba Allah",246,"Worthy, Worthy Is the Lamb",site
185,"Oh Ku Kasih Tuhan",248,"O How I Love Jesus",title-match
186,"Puji Dia, Yesus Juruslamat",249,"Praise Him! Praise Him!",site
187,"Beribu Lidah Bernyanyi",250,"O for a Thousand Tongues to Sing",site
188,"Ku Sembah Juruslamat",251,"He Lives",site
189,"Pandanglah Yesus, Ya Bapaku",412,"Cover With His Life",site
190,"Nyanyikanlah Lagu Surga",252,"Come, Let Us Sing",site
191,"Tiada Nama Sperti Yesus",253,"There's No Other Name Like Jesus",site
193,"Roh Suci Tuntunlah Aku",260,"Hover O'er Me, Holy Spirit",site
194,"Ya Roh Kudus Isilah Hatiku",266,"Spirit of God",site
195,"Sungguh Indah Roh Suci",262,"Sweet Sweet Spirit",title-match
196,"Oh Nyala Api Roh Kudus",264,"O for That Flame of Living Fire",site
198,"Brilah Roh-Mu Tuhan",265,"Breathe on Me, Breath of God",site
199,"Roh Kudus Terang Allah",268,"Holy Spirit, Light Divine",site
200,"Brilah Padaku Alkitab Yang Suci",272,"Give Me the Bible",site
201,"Tuhan, Kupilih Firman-Mu",273,"Lord, I Have Made Thy Word My Choice",site
202,"Walau Ku Berbahasa Malaikat",81,"Thou I Speak With Tongues",site
203,"Firman-Mu Pelita",676,"Thy Word Is A Lantern",site
204,"Brikanlah, Ya Tuhan",271,"Break Thou the Bread of Life",site
205,"Apakah Engkau Susah",290,"Turn Your Eyes Upon Jesus",title-match
206,"Marilah Orang Berdosa",279,"Only Trust Him",lyric-match
207,"Ku Srahkan Hidupku",281,"I Gave My Life for Thee",site
208,"Suaramu Ku Dengar",282,"I Hear Thy Welcome Voice",lyric-match
209,"Yesus Sedang Berdiri",283,"O Jesus Thou Art Standing",title-match
210,"Padaku Ada Juruslamat",284,"For You I Am Praying",site
211,"Aku Mau Turut, Ya Tuhan",623,"I Will Follow Thee",site
212,"Sabda Hidup Kekal",286,"Wonderful Words of Life",site
213,"Dengan Lembut Dan Merdu",287,"Softly and Tenderly",site
214,"Yesus Menunggu",289,"The Savior Is Waiting",site
219,"Yesus Batu Zaman",525,"Hiding In Thee",title-match
220,"Haruskah Yesus Sendiri?",328,"Must Jesus Bear the Cross Alone",site
221,"Aku Datang Skarang Yesus",292,"Jesus I Come",title-match
222,"Kuasa Dalam Darah-Nya",294,"Power in the Blood",site
226,"Ku Pulang Ke Rumah",296,"Lord, I'm Coming Home",site
227,"Yesus Yang Penuh Kasih",489,"Jesus, Lover of My Soul",site
228,"Ku Bawa Pada Yesus",298,"I Lay My Sins On Jesus",site
230,"Ajaiblah Yesus, Juruselamatku",520,"He Hideth My Soul",site
231,"Meski Aku Durhaka",295,"Chief of Sinners",site
232,"Di Tempat Yang Lebih Tinggi",625,"Higher Ground",title-match
233,"Ku Datang Hampir Kepada-Mu",301,"Nearer, Still Nearer",site
234,"Raja Kekal, Pimpinlah",619,"Lead On, O King Eternal",site
235,"Di Bawah Salib Yesus",303,"Beneath the Cross of Jesus",site
236,"Iman Orang Saleh Kekal",304,"Faith of Our Fathers",site
237,"Jadikan Aku Milik-Mu, Tuhan",306,"Draw Me Nearer",site
238,"Ke Salib Aku Datang",307,"I Am Coming to the Cross",site
239,"Aku Mau Menjadi Milik-Mu",308,"Wholly Thine",title-match
240,"Berserah Kepada Yesus",309,"I Surrender All",site
241,"Ku Mau Dekat Pada Yesus",310,"I Would Draw Nearer to Jesus",site
242,"Ku Mau Sperti Yesus",311,"I Would Be Like Jesus",title-match
243,"Tarik Aku, Ya Yesus",312,"Near The Cross",title-match
244,"Hiduplah Dalam Aku",316,"Live Out Thy Life Within Me",site
245,"Pimpin Ku Ke Salib",317,"Lead Me To Calvary",title-match
246,"Yesus, Aku Rindu Jadi Suci",318,"Whiter Than Snow",site
247,"Aku Mau Menjadi Kristen",319,"Lord, I Want to Be a Christian",site
248,"Ku Kasih Padamu",321,"My Jesus, I Love Thee",site
249,"Tiada Yang Lain",322,"Nothing Between",site
250,"Yesus, Ku Pikul Salibku",325,"Jesus, I My Cross Have Taken",site
251,"Buka Mataku, Ya Tuhan",326,"Open My Eyes That I May See",site
252,"Ku Memilih Yesus",327,"I'd Rather Have Jesus",site
255,"Buangkan Dunia, Trima Yesus",329,"Take the World, but Give Me Jesus",site
256,"Ku Lihat Darah Mengalir",332,"The Cleansing Wave",title-match
259,"Sebagaimana Ku Ada",324,"Just as I Am, Thine Own to Be",site
261,"Hati Yang Memuji Allah",323,"O for a Heart to Praise My God!",site
265,"Kami Datang Pada-Mu",330,"Take My Life and Let It Be",site
268,"Pada Saat Berdoa",501,"Tis The Blessed Hour Of Prayer",title-match
271,"Jadilah Tuhan Kehendak-Mu",567,"Have Thine Own Way, Lord",site
274,"Mengapa Darah-Mu Yesus",163,"At the Cross",site
275,"Tolonglah Aku Ya Allah",334,"Come, Thou Fount of Every Blessing",site
276,"Darah Yesus Tlah Tertumpah",336,"There Is a Fountain",site
277,"Betapa Snang Aku Kabarkan",337,Redeemed,title-match
278,"Di Tepian Sungai Yordan",620,"On Jordans Stormy Banks",title-match
280,"Muliakan Allah",341,"To God Be the Glory",site
281,"Bila Pandang Salib Yesus",154,"When I Survey The Wondrous Cross",title-match
282,"Hai Skalian Orang",422,"Marching to Zion",site
288,"Aku Puji Penebusku",343,"I Will Sing of My Redeemer",site
293,"Perhubungan Kita",350,"Blest Be the Tie That Binds",site
297,"Ada Satu Pintu Gerbang",521,"Depth Of Mercy",title-match
301,"Senang Berbakti Di Sini",586,"What Joy It Is to Worship Here",site
303,"Dalam Naung-Nya",529,"Under His Wings",site
304,"Dengarlah Suara Yesus",359,"Hark! the Voice of Jesus Calling",site
305,"Putra Sion Kerjakanlah Tugasmu",365,"O Zion, Haste",site
306,"Angkat Dia Hingga Nyata",371,"Lift Him Up",site
307,"Penjaga Bunyikan Trompet",368,"Watchman, Blow the Gospel Trumpet",site
310,"Tariklah Aku, Ya Bapaku",280,"Come, Ye Sinners",site
314,"Dalam Sibuk Kehidupan",355,"Where Cross The Crowded Ways Of Life",title-match
316,"Bawalah Yang Hilang",361,"Hark Tis The Shepherds Voice I Hear",lyric-match
317,"Aku Pengembara",445,"I'm But a Stranger Here",site
321,"Jauh Dan Dekat, Tampak Sudah",358,"Far and Near the Fields Are Teeming",site
323,"Tolonglah Yang Sesat",367,"Rescue the Perishing",site
324,"Betapa Indahnya",372,"How Beauteous Are Their Feet",site
326,"Berusahalah Kamu",375,"Work, For the Night Is Coming",site
327,"Tabur Waktu Pagi",369,"Bringing in the Sheaves",site
330,"Sbagai Pohon Tanaman Roh",414,"Fruitful Trees the Spirit's Sowing",site
332,"Masyhurkanlah Yesus",370,"Christ for the World",site
333,"Critakanlah Padaku",316,"Live Out Thy Life Within Me",title-match
334,"Roh Kudus Slalu Ada",584,"There's A Spirit in the Air",site
336,"Yesus Sahabat Manusia",187,"Jesus What A Friend For Sinners",title-match
337,"Maju Serta Yesus",377,"Go Forth Go Forth With Christ",site
338,"Rumah Tangga Bahagia",655,"Happy the Home",site
339,"Milik Tuhan, Bukan Aku",376,"All Things Are Thine",site
340,"Sabat Hari Perhentian",381,"Holy Sabbath Day of Rest",site
342,"Ku Suka Sabat-Mu",390,"We Love Thy Sabbath, Lord",site
344,"Sabat Tuhan Yang Pnuh Berkat",393,"Lord of the Sabbath",site
345,"Oh Hari Perhentian",383,"O Day of Rest and Gladness",site
346,"Bagai Burung Terbang",395,"As Birds Unto the Genial Homeland",site
347,"Ingat Hari Sabat",388,"Don't Forget the Sabbath",site
348,"Trang Besar Bercahaya",389,"Light of Light, Enlighten Me",site
350,"Satu Minggu Yang Lalu",384,"Safely Through Another Week",site
352,"Hebat Hari Penghukuman",418,"Day of Judgment, Day of Wonders!",site
353,"Engkau Tahu Tuhan Pemurah",583,"You That Know the Lord",site
354,"Bapa, Pimpinlah Aku",482,"Father, Lead Me Day by Day",site
355,"Dengarkanlah Sabda-Nya",413,"God Has Spoken By His Prophets",site
357,"Kasih Yang Bahagiakan",579,"Tis Love That Makes Us Happy",title-match
358,"Pada-Mu Batu Zaman",300,"Rock of Ages",site
363,"Yerusalem, Oh Rumahku",420,"Jerusalem My Happy Home",site
365,"Yerusalem Yang Mulia",429,"Jerusalem the Golden",site
367,"Di Pantai Nan Indah",428,"Sweet By and By",site
368,"Di Negri Yang Cemerlang",427,"No Night There",title-match
370,"Oh Brapa Jauh Dari Rumah?",439,"How Far From Home?",site
371,"Aku Klak Pandang Raja Surga",426,"I Shall See the King",site
373,"Ya Di Sana",431,"Over Yonder",title-match
376,"Suci, Suci, Malaikat Memuji",425,"Holy Holy Is What The Angels Sing",title-match
377,"Rumah Kekal",436,"The Homeland",site
378,"Rumahku Indah Di Surga",437,"Im Going Home",title-match
379,"Lihatlah Rajamu Datang",211,"Lo! He Comes",site
380,"Bersabdalah Ya Tuhan",60,"Blessed Jesus At Thy Word",title-match
381,"Kita Tak kan Tau",604,"We Know Not the Hour",site
382,"Atas Gunung Mengembara",447,"Long Upon the Mountains",site
383,"Hai Angkatlah Kepalamu",226,"Lift Up Your Heads",site
384,"Ku Berkelana",444,"I'm a Pilgrim",site
386,"Tak kan Berpisah Lagi",449,"Never Part Again",title-match
387,"Mari Hidup Rukun, Damai",451,"Together Let Us Sweetly Live",site
388,"Betapa Indahnya Lagu Surgawi",452,"What Heavenly Music",site
391,"Aku Suka Critakan",457,"I Love to Tell the Story",site
392,"Lebih Kasih Tuhan, Kepada-Mu",458,"More Love to Thee",site
393,"Aku Ada Sahabat",456,"My Lord and I",site
394,"Hai Jiwaku, Tuhan Di Sisimu",461,"Be Still My Soul",site
395,"Damai, Damai Ajaib",463,"Peace, Perfect Peace",site
396,"Raja Damai Tuntunlah",153,"Prince of Peace Control My Will",site
397,"Betapa Teguh Persatuannya",469,"Leaning on the Everlasting Arms",site
399,"Ada Sinar Dalam Jiwaku",470,"There's Sunshine in My Soul Today",site
401,"Bapaku Kaya Rumah Dan Tanah",468,"A Child of the King",site
402,"Ingat Slalu Nama Yesus",474,"Take The Name Of Jesus With You",lyric-match
403,"Sering Ku Dengar Lagu",472,"A Song Of Heaven And Homeland",title-match
404,"Ya Allah Aku Mau Datang Dekat",473,"Nearer My God, to Thee",site
405,"Ada Balsem Di Gilead",475,"Balm In Gilead",title-match
406,"Beban Terangkat Di Kalvari",476,"Burdens Are Lifted At Calvary",title-match
408,"Berdiam, Berdiam",479,"Tread Softly",title-match
409,"Ku kan Critakan Kepada Yesus",485,"I Must Tell Jesus",site
410,"Ya Matahari Jiwaku",502,"Sun of My Soul",site
411,"Aku Masuk Dalam Taman",487,"In the Garden",site
413,"Yesus Yang Penuh Kasih",490,"Jesus, Lover of My Soul",site
414,Kupercaya,486,"I Do Believe",title-match
415,"Ku Harap Pada-Mu",483,"I Need Thee Every Hour",site
416,"Ku Perlu Engkau, Yesus",484,"I Need Thee, Precious Jesus",site
417,"Bak Wanita Di Sumur",493,"Fill My Cup Lord",title-match
418,"Semua Milik-Mu Tuhan",665,"All Things Come of Thee",site
419,"Bapa Ajarlah Aku",492,"Like Jesus",title-match
420,"Tuhan, Biarlah Hamba-Mu",67,"O Lord Now Let Your Servant",site
421,"Ada Tempat Diam Teduh",495,"Near to the Heart of God",site
422,"Yesus Sahabat Terindah",499,"What a Friend We Have in Jesus",site
423,"Sucikan Hatimu",500,"Take Time to Be Holy",site
424,"Kuperlu Doa Kasihku",505,"I Need the Prayers",site
426,"Pertama Ku Mohon",488,"At First I Prayed for Light",site
431,"Ya Yesus, Ku Berjanji",331,"O Jesus I Have Promised",site
432,"Saat Penghakiman",491,"In the Hour of Trial",site
433,"Inilah Jam Ku Berdoa",478,"Sweet Hour of Prayer",site
434,"Ya Allah Kota Yang Teguh",506,"A Mighty Fortress",site
435,"Jalan Serta Yesus Slalu Sejahtra",508,"Anywhere With Jesus",site
436,"Bila Ku Perlu Yesus Dekat",512,"Just When I Need Him Most",site
438,"Tuhan Slalu Pimpin Aku",516,"All the Way",site
439,"Ku Percaya Engkau",517,"My Faith Looks Up to Thee",site
440,"Pegang Teguh Janji Kristus",518,"Standing on the Promises",site
441,"Setiap Saat Dalam Kasih-Nya",507,"Moment By Moment",title-match
442,"Tak Ku Mengerti Rahmat-Nya",511,"I Know Whom I Have Believed",title-match
443,"Aku Membangun Harapan",522,"My Hope Is Built on Nothing Less",site
444,"Ku Alaskan Percayaku",523,"My Faith Has Found a Resting Place",site
445,"Percaya Yang Menang",608,"Faith Is The Victory",title-match
446,"Allah Utus Yesus Putra-Nya",526,"Because He Lives",title-match
447,"Baik Berharap Pada Yesus",524,"'Tis So Sweet to Trust in Jesus",site
448,"Tuhan Batu Karang Kita",528,"A Shelter in the Time of Storm",site
449,"Tiap Hari Aku Slalu Berjalan",532,"Day By Day",site
450,"Bri Ku Berjalan Dengan-Mu",574,"O Master, Let Me Walk With Thee",site
451,"Apakah Jangkarmu Akan Tahan?",534,"Will Your Anchor Hold?",site
455,"Pada Saat Damai Perjalananku",530,"It Is Well With My Soul",site
456,"Kita Membangun Di Batu Karang",531,"Well Build On The Rock",title-match
457,"Tuhan Pimpin Spanjang Jalan",537,"He Leadeth Me",site
458,"Laskar Kristus Bangun",616,"Soldiers of Christ Arise",site
459,"Bri Aku Jalan Serta-Mu",554,"O Let Me Walk With Thee",site
460,"Yesus, Kemudikanlah",551,"Jesus, Savior, Pilot Me",site
461,"Tuhan Adalah Gembalaku",552,"The Lord's My Shepherd",site
462,"Ku Mencari Juruslamat",539,"I Will Early Seek the Savior",site
463,"Kalau Serta Tuhan",590,"Trust and Obey",site
464,"Jaminan Berkat Tuhan Janji",462,"Blessed Assurance Jesus Is Mine",title-match
465,"Karna Bumi Yang Indah",564,"For Sunrise Hope and Sunset Calm",site
466,"Mari Puji Allah",559,"Now Thank We All Our God",site
467,"Janganlah Lewatkan Aku",569,"Pass Me Not, O Gentle Savior",site
468,"Hanya Kristus",570,"Not I, but Christ",site
469,"Bri Yang Terbaik Untuk Tuhan",572,"Give of Your Best to the Master",site
470,"Ke Manapun Ku Mau Pergi, Tuhan",573,"Ill Go Where You Want Me To Go",title-match
471,"Berdiri Karna Yesus",618,"Stand Up! Stand Up for Jesus!",site
472,"Tuhan Mengutus Engkau",578,"So Send I You",site
473,"Pada Masa Seperti Skarang",593,"In Times Like These",site
474,"Tuhan Di Hadirat-Mu Ku Bersuka",36,"O Thou in Whose Presence",site
475,"Perhatikan Tanda Akhir Zaman",596,"Look for the Waymarks",site
476,"Akukah Laskar Salib-Nya?",609,"Am I a Soldier of the Cross?",site
477,"Hai Waris Surga",594,"Heir of the Kingdom",site
478,"Biarlah Lampumu Makin Trang",595,"Let Every Lamp Be Burning",site
479,"Hai Kristen, Jaga!",610,"Stand Like The Brave",title-match
480,"Bangun Umat Allah",615,"Rise Up O Church of God",site
481,"Jagalah Hai Umat Allah",598,"Watch, Ye Saints",site
482,"Bergembiralah Kamu",599,"Rejoice, Rejoice, Believers",site
483,"Sorakkanlah Prang",614,"Sound the Battle Cry",site
485,"Maju Laskar Kristus",612,"Onward, Christian Soldiers!",site
486,"Tuhan, Ini Persembahan Kami",635,"Lord of All Good",site
487,"Maha Besar Allah",645,"God of Our Fathers",site
488,"Khalik Dan Rajaku",15,"My Maker and My King",site
489,"Mataku Tlah Melihat",647,"Mine Eyes Have Seen the Glory",site
490,"Betapa Bahagianya Di Rumah Tangga",652,"Love At Home",title-match
492,"Kasih-Mu Tuhan",656,"O Perfect Love",site
496,"Yesus Sahabat Terindah",499,"What A Friend We Have In Jesus",title-match
497,"Mari Puji Raja Surga",4,"Praise My Soul the King of Heaven",site
507,"Ku Tau Nama Yesus Terindah",253,"Theres No Other Name Like Jesus",lyric-match
513,"Sabat Diciptakan Allah",681,"This Is the Day the Lord Hath Made",site
514,"Kami Persembahkan Berkat-Mu",670,"We Give Thee But Thine Own",site
515,"Tuhan Ada Dalam Bait Allah",687,"The Lord Is in His Holy Temple",site
516,"Dengar Ya Tuhan",668,"O Thou Who Hearest",site
517,"Dengar Ya Tuhan Kami Berdoa",684,"Hear Our Prayer, O Lord",site
518,"Sucilah Tuhan",661,"Holy, Holy, Holy",site
519,"Tuhan Memberkati Dan Melindungimu",669,"The Lord Bless You and Keep You",site
520,"Kami Datang Dalam Doa",671,"As We Come to You in Prayer",site
521,"Kiranya Allah Dalam Pikiranku",679,"God Be in My Head",site
522,"Curahkan Berkat-Mu Ya Tuhan",690,"Dismiss Us, Lord, With Blessing",site
523,"Tuhan Dengar Doa Kami",693,"Almighty Father",site
524,"Datanglah Ya Roh Allah",672,"Spirit of the Living God",site
