confidence,method,ls_number,ls_title,ls_english_title,sda_num,sda_title
0.99,lyric-line-exact,206,Marilah Orang Berdosa,Come Every Soul By Sin Oppressed,279,Only Trust Him
0.99,lyric-line-exact,208,Suaramu Ku Dengar,I Am Coming Lord,282,I Hear Thy Welcome Voice
0.99,lyric-line-exact,316,Bawalah Yang Hilang,"Bring Them In, Bring Them In",361,Hark Tis The Shepherds Voice I Hear
0.99,lyric-line-exact,402,Ingat Slalu Nama Yesus,"Precious Name, O How Sweet",474,Take The Name Of Jesus With You
0.969,lyric-line-substr,507,Ku Tau Nama Yesus Terindah,Jesus Is The Sweetest Name I Know,253,Theres No Other Name Like Jesus
0.836,title-fuzzy,320,Rahmat Bapa Bercahaya,Let The Lower Lamps Be Burning,595,Let Every Lamp Be Burning
0.8,title-fuzzy,296,Nama Yesus Amat Indah,Jesus Oh How Sweet The Name,238,How Sweet The Name
0.783,title-fuzzy,298,Slamat Di Lengan Yesus,Save In The Arms Of Jesus,577,In The Heart Of Jesus
0.762,title-fuzzy,299,Ku Lihat Yesus,I See Jesus,492,Like Jesus
0.757,title-fuzzy,356,"Tuhan, Kasihanilah Kami Ini","Lord, Be Merciful",297,God Be Merciful To Me
0.756,title-fuzzy,502,Karena Allah Kasih,For God So Loved The World,78,For God So Loved Us
0.744,title-fuzzy,335,Dalam Kerja Rajaku,In The Service The King,426,I Shall See The King
0.743,title-fuzzy,498,Pemuda Skalian,We Have Heard Thy Call,453,We Have Heard
0.735,title-fuzzy,290,Duduk Dekat Kaki Yesus,Sitting At The Feet Of Jesus,577,In The Heart Of Jesus
0.731,title-fuzzy,192,Ya Roh Suci Yang Benar,"Holy Spirit, Faithful Guide",589,Holy Spirit Gracious Guest
0.727,title-fuzzy,359,Aku Perlu Yesus,I Need Jesus,492,Like Jesus
0.704,title-fuzzy,217,"Ya Yesus, Yang Penuh Kasih","Blessed Jesus, Meek And Lowly",540,Gentle Jesus Meek And Mild
0.704,title-fuzzy,315,Orang Asing Di Pintu,There's A Stranger At The Door,120,Theres A Song In The Air
0.696,title-fuzzy,512,Apa Yang Dunia Perlu,What The World Need Is Jesus,494,We Would See Jesus
0.688,title-fuzzy,61,"Ya, Tuhanku ,Tuntun Aku berjalan",Lead Thou Me On,547,Be Thou My Vision
0.688,title-fuzzy,279,Kristus Tlah Slamatkan,"Jesus Save, Jesus Save",340,Jesus Saves
0.684,title-fuzzy,128,Aku Mau Hidup Bagi Yesusku,Living For Jesus,167,Alleluia Sing To Jesus
0.683,title-fuzzy,362,Aku Pikirkan Skarang,I Am Thinking To Day,288,I Am Going To Calvary
0.677,title-fuzzy,369,Di Kota Allah Yang Indah,In the Christian's Home in Glory,237,In The Cross Of Christ I Glory
0.667,title-fuzzy,43,Slamat Malam,Good Night,275,O God Of Light
0.667,title-fuzzy,64,Tiada Lain Pelindung Seperti Yesus,I Would Like To Tell You,311,I Would Be Like Jesus
0.667,title-fuzzy,66,Itu Nyata Di Hatiku,It's In My Heart,678,God Be In My Head
0.667,title-fuzzy,68,"Bapa, Kami Datang","Father, We Come To Thee",458,More Love To Thee
0.667,title-fuzzy,223,"Yesus Panggil, Aku Ikut","Jesus Calls Me, I Must Follow",285,Jesus Calls Us
0.667,title-fuzzy,224,Apa Kita Hidup Dekat Yesus?,Can The World See Jesus In You,494,We Would See Jesus
0.667,title-fuzzy,267,Tarik Jiwa Satu,Take Me As I Am,313,Just As I Am
0.667,title-fuzzy,398,Kalau Kau Mau Senang,If You Want Joy,400,I Come With Joy
0.649,title-fuzzy,138,Tidur Tenang Dalam Yesus,Asleep In Jesus,167,Alleluia Sing To Jesus
0.649,title-fuzzy,366,"Lebih Dekat, Lebih Indah",Home Heavenly Home,452,What Heavenly Music
0.645,title-fuzzy,374,Aku Mau Pulang,I'm On My Way Home,437,Im Going Home
0.645,title-fuzzy,452,Yesus Tak Pernah Gagal,Jesus Never Falls,285,Jesus Calls Us
0.642,title-fuzzy,73,Kasih Allah,The Love Of God Is Greater Far,77,O Love Of God Most Full
0.642,title-fuzzy,292,Bila Laut Kehidupanmu Berglombang,Count Your Many Blessings,454,Dont You See My Jesus Coming
0.64,title-fuzzy,375,Sudah Dekatlah Rumah Di Surga,Nearing Home,437,Im Going Home
0.638,title-fuzzy,67,Lama Tlah Dirindu,Is Your All On The Altar,98,Can You Count The Stars
0.638,title-fuzzy,273,Dengar Lonceng Surga,Ring The Bells Of Heaven,369,Bringing In The Sheaves
0.636,title-fuzzy,167,Hari Yang Mulia Akan Tiba,There's A New Day Dawning,336,There Is A Fountain
0.636,title-fuzzy,400,Bukalah Hatimu,You Must Open The Door,583,You That Know The Lord
0.636,title-fuzzy,505,Kita Maju Bersama,We'll March Along Together,8,We Gather Together
0.635,title-fuzzy,216,Yesus Panggil Engkau Pulang,Jesus Is Tenderly Calling Thee Home,185,Jesus Is All The World To Me
0.634,title-fuzzy,253,Aku Tak Akan Tinggalkan,I Will Never Leave Thee,623,I Will Follow Thee
0.632,title-fuzzy,100,Marilah Bersukacita,Let Our Hearts Be Always Cheerful,575,Let Your Heart Be Broken
0.632,title-fuzzy,272,Bahagia Hari Itu,Happy Day,532,Day By Day
0.632,title-fuzzy,284,"Eden, Taman Yang Terindah",Beautiful Valley Of Eden,450,Beautiful Zion
0.63,title-fuzzy,311,Aku Mengasihi Tuhan,"I Know I Love Thee Better, Lord",390,We Love Thy Sabbath Lord
0.629,title-fuzzy,364,Bukit–bukit Yang Permai,O The Beautiful Hills,102,Unto The Hills
0.625,title-fuzzy,171,Kita Dijamu Oleh Raja,Called To The Feast By The King,231,Blest Be The King
0.625,title-fuzzy,343,Enam Hari Sudah Lalu,Another Six Days Work Is Done,52,Now The Day Is Over
0.622,title-fuzzy,312,Ku Bersuka Sebab Bapa Kita,I'm So Glad That Our Father,645,God Of Our Fathers
0.621,title-fuzzy,173,Pada Waktu Penuaian,In The Glad Time Of The Harvest,565,For The Beauty Of The Earth
0.615,title-fuzzy,285,Ku Dengar Lagu Yang Merdu,There Comes To My Heart,685,Cause Me To Hear
0.615,title-fuzzy,508,"Tuhan, Bri Kami Setia",Lord Keeps Us Faithful,170,Come You Faithful
0.612,title-fuzzy,437,Ia Allah Tak kan Gagal,He Cannot Fail For He Is God,117,The Advent Of Our God
0.611,title-fuzzy,269,Berjalanlah Di Dalam Trang,Walk In The Light,39,Lord In The Morning
0.611,title-fuzzy,430,Bisik Doa Waktu Pagi,Whisper A Prayer,478,Sweet Hour Of Prayer
0.611,title-fuzzy,493,Doa Ibu,My Mother's Prayer,505,I Need The Prayers
0.611,title-fuzzy,499,Trang Dari Surga,Heavenly Sunshine,452,What Heavenly Music
0.609,title-fuzzy,425,"Bersabdalah, Ya Yesus","Speak To My Soul, Dear Jesus",38,Arise My Soul Arise
0.607,title-fuzzy,14,Jika Kiranya Lidahku,O Could I Speak The Matchless,81,Though I Speak With Tongues
0.607,title-fuzzy,322,Dari Timur Dan Barat,From Greenland's Icy Mountains,360,From The Eastern Mountains
0.607,title-fuzzy,454,Hatiku Rindu,I've A Longin In My Heart For Jesus,577,In The Heart Of Jesus
0.606,title-fuzzy,262,Hai Saudara Mengapa?,Why Not Now?,291,We Have Not Known Thee
0.606,title-fuzzy,349,Datanglah Lagi Hari Yang Suci,Again The Day Return,487,In The Garden
0.605,title-fuzzy,372,Sebrang Langit Biru,Somewhere Beyond The Blue,294,Power In The Blood
0.605,title-fuzzy,511,Ajaib Engkau Ya Yesus,"Wonderful, Wonderful, Jesus",494,We Would See Jesus
0.6,title-fuzzy,172,Di Seluruh Dunia Nyatalah,O'er All The Land Have The Signs,9,Let All The World In Every Corner Sing
0.6,title-fuzzy,289,Brani Hati Karna Benar,Dare To Do Right,275,O God Of Light
0.6,title-fuzzy,428,Taman Tempat Berdoa,There's A Garden Where Jesus Pray,114,Theres A Wideness
0.6,title-fuzzy,509,Dalam Hati,Into My Heart,207,It May Be At Morn
0.595,title-fuzzy,197,Aku Dengar Hujan Berkat,"Lord, I Hear Of Shower",541,Lord Speak To Me
0.595,title-fuzzy,215,"Ya Tuhan, Engkau Tlah Mati","Saviour, Thy Dying Love",193,Savior Teach Me
0.591,title-fuzzy,412,Kami Sembah Sujud Allah,"We Praise, O God, We Worship",1,Praise To The Lord
0.588,title-fuzzy,291,Siapa Masuk Pintu Gerbang?,Shall You? Shall I?,227,Jesus Shall Reign
0.585,title-fuzzy,154,"Jaga, Sedia",Waiting And Watching,35,With Songs And Honors
0.583,title-fuzzy,174,Kristus Tlah Ada Di Pintu,The Coming King Is At The Door,171,Thine Is The Glory
0.583,title-fuzzy,407,Duka,Heartaches,312,Near The Cross
0.583,title-fuzzy,504,Tiada Sahabat Seperti Yesus,"No, Not One",427,No Night There
0.581,title-fuzzy,302,Pertahankan Benteng,Hold The Fort,84,God The Omnipotent
0.579,title-fuzzy,390,Angkat Nafiri,Lift Up The Trumpet,362,Lift High The Cross
0.578,title-fuzzy,60,Pada Akhir Kebaktian Ini,"Saviour, Again To Thy Dear Name",193,Savior Teach Me
0.577,title-fuzzy,313,Aku Mau Yesus Sertaku,I Must Have The Saviour With Me,551,Jesus Savior Pilot Me
0.571,title-fuzzy,161,Ku Mau Sedia,I Want To Be Ready When Jesus Comes,454,Dont You See My Jesus Coming
0.571,title-fuzzy,260,Bawa Persembahanmu,They Brought Their Gift To Jesus,253,Theres No Other Name Like Jesus
0.571,title-fuzzy,263,Bila Selesai Tugas Kerjaku,O That Will Be Glory For Me,583,You That Know The Lord
0.571,title-fuzzy,286,Bila Yesus Akan Mengumpulkan,When Jesus Shall Gather The Nations,432,Shall We Gather At The River
0.571,title-fuzzy,361,Sesudah Malam,Beyond The Sunset,84,God The Omnipotent
0.571,title-fuzzy,495,Sungguh Senang Hatiku,It Is Morning In My Heart,120,Theres A Song In The Air
0.565,title-fuzzy,341,Hari Perhentian Allah,"Holiday, Jehovah's Rest",381,Holy Sabbath Day Of Rest
0.564,title-fuzzy,318,Jangan Ditaklukkan,Yield Not To Temptation,320,Lord Of Creation
0.564,title-fuzzy,328,Aku Mau Membagikan Imanku,I Share My Faith,281,I Gave My Life For Thee
0.564,title-fuzzy,385,Kita Hidup Skarang Ini,To Be Living Sublime,215,The King Shall Come
0.561,title-fuzzy,254,Dalam Hatiku Ada Lagu,I Have A Song That Jesus Gave Me,183,I Will Sing Of Jesus Love
0.561,title-fuzzy,270,Dosamu Dihapuskan,Tho'your Sins Be As Scarlet,299,Forgive Our Sins As We Forgive
0.56,title-fuzzy,17,Tuhan Lindungilah Kami,"Lord, Keep Us Safe This Night",69,Lord Make Us More Holy
0.56,title-fuzzy,257,Aku Dengar Yesus Panggil,I Can Hear My Saviour Calling,289,The Savior Is Waiting
0.558,title-fuzzy,40,"Tuhan, Pimpinlah Aku","Saviour, Lead Me Lest I Stray",193,Savior Teach Me
0.556,title-fuzzy,32,Sembah Sujudlah Umat-Nya,With Reverence Let The Saints,633,When We All Get To Heaven
0.553,title-fuzzy,264,Aku Tak Cinta Dunia,Is My Name Written There,554,O Let Me Walk With Thee
0.553,title-fuzzy,331,Ada Kisah Kami Mau Critakan,We've A Story To Tell,152,Tell Me The Story Of Jesus
0.553,title-fuzzy,510,Lebar Sperti Lautan,"Wide, Wide As The Ocean",633,When We All Get To Heaven
0.552,title-fuzzy,56,"Ya Tuhan, Iringlah Kami",The Lord Be With Us As We Bend,451,Together Let Us Sweetly Live
0.552,title-fuzzy,258,Janganlah Tawar Hatimu,Never Give Up,449,Never Part Again
0.552,title-fuzzy,319,Mari Kita Kerja Bagi Tuhan,"Gladly, Gladly Toiling For The Master",660,Glory Be To The Father
0.552,title-fuzzy,429,Berjagalah Skarang,Watch And Pray,428,Sweet By And By
0.549,title-fuzzy,494,Di Dalam Sengsara Dan Keluhanku,Mid Pleasures And Palaces,383,O Day Of Rest And Gladness
0.545,title-fuzzy,294,Ku Yakin Bapa Pasti Tau,He Knows,137,We Three Kings
0.545,title-fuzzy,525,Masyhurkan Karunia-Nya,Proclaim His Grace,109,Marvelous Grace
0.542,title-fuzzy,427,Ku Perlu Pada-Mu Tuhan,"Blessed Lord, How Much I Need",654,Lord Bless Our Homes
0.536,title-fuzzy,309,Betapa Merdu Suara,Angel Voices Sweetly Singing,451,Together Let Us Sweetly Live
0.533,title-fuzzy,63,Sembilan Puluh Sembilan,There Were Ninety And Nine,566,Father We Thank You
0.533,title-fuzzy,287,Satu Saja Ku Ingini,So Wash Me Thou Without Within,574,O Master Let Me Walk With Thee
0.529,title-fuzzy,62,Lebih Besar Dari Kasih Ibu,Dearer Than All,566,Father We Thank You
0.525,title-fuzzy,484,Aku Senang Dan Girang Selalu,I'm So Happy And Here's The Reason Why,366,O Where Are The Reapers
0.522,title-fuzzy,329,Kerjalah! Kerjalah!,Toiling On,437,Im Going Home
0.522,title-fuzzy,351,Selamat Datang,"Welcome, Delightful Morn",71,Come Thou Almighty King
0.522,title-fuzzy,503,Pandu-pandu,Pathfinders,163,At The Cross
0.517,title-fuzzy,389,Satu Masa Yang Tertentu,Someday The Silver Cord Will Break,221,Rejoice The Lord Is King
0.516,title-fuzzy,225,Hampir Percaya,Almost Persuaded,181,Does Jesus Care
0.513,title-fuzzy,283,"Siapa Yang Mendengar, Serukanlah",Whosoever Will,150,Who Is He In Yonder Stall
0.509,title-fuzzy,140,Tak kan Lama Lagi,A Few More Years Shall Roll,82,Before Jehovahs Awful Throne
0.509,title-fuzzy,453,Rindu Pada Yesus,"Precious Redeemer, My Brother",403,Let Us Break Bread Together
0.5,title-fuzzy,506,Semua Orang Harus Tau,Everybody Ought To Know Jesus,253,Theres No Other Name Like Jesus
0.492,title-fuzzy,360,Ada Negri Amat Indah,O Beulah Land! Sweet Beulah Land,49,Savior Breathe An Evening Blessing
0.491,title-fuzzy,266,Bawa Sgala Persepuluhanmu,"Bring Ye All Tithes, Mal. 3:10",633,When We All Get To Heaven
0.483,title-fuzzy,500,Pemuda Majulah,Volunteers,287,Softly And Tenderly
0.48,title-fuzzy,295,"Sahabat, Teman, Pemimpin","Friends, Companions, Guides",351,Thy Hand O God Has Guided
0.478,title-fuzzy,308,Biarkan Aku Pergi,Missionary's Farewell,150,Who Is He In Yonder Stall
0.462,title-fuzzy,218,Lenyap Nafsu Dunia,"Fade, Fade Each Earthly Joy",453,We Have Heard
0.0,,491,Di Rumah,-,,
0.0,,501,Kumpulan Orang Muda,-,,
