ls_number,ls_title,ls_english_title,ls_composer,ls_arranger,sda_num,sda_title,sda_composer,sda_arranger,shared_surname,title_score,sda_already_used
335,Dalam Kerja Rajaku,In The Service The King,A. H. Ackley,B. D. Ackley,426,I Shall See the King,W. C Poole,B. D. Ackley,ackley,0.744,yes
298,Slamat Di Lengan Yesus,Save In The Arms Of Jesus,Fanny J. Crosby,W. H. Doane,152,Tell Me the Story of Jesus,Fanny J. Crosby,John R. Sweney,crosby,0.667,yes
390,Angkat Nafiri,Lift Up The Trumpet,Jessie E. Strout,George E. Lee,213,Jesus Is Coming Again,Jessie E. Strout,George E. Lee,"lee,strout",0.644,yes
287,Satu Saja Ku Ingini,So Wash Me Thou Without Within,Walter C. Smith,Fred H. Byshe,574,"O Master, Let Me Walk With Thee",Washington Gladden,H. Percy Smith,smith,0.533,yes
359,Aku Perlu Yesus,I Need Jesus,George O. Webster,Charles H. Gabriel,512,Just When I Need Him Most,William Poole,Charles H. Gabriel,gabriel,0.522,yes
197,Aku Dengar Hujan Berkat,"Lord, I Hear Of Shower",Elizabeth Codner,William B. Bradbury,545,"Savior, Like a Shepherd",,William Bradbury,bradbury,0.512,yes
32,Sembah Sujudlah Umat-Nya,With Reverence Let The Saints,Isaac Watts,William B. Bradbury,388,Don't Forget the Sabbath,Fanny J. Crosby,William B. Bradbury,bradbury,0.491,yes
362,Aku Pikirkan Skarang,I Am Thinking To Day,E. E Hewitt,John R. Swenwy,470,There's Sunshine in My Soul Today,E. E. Hewitt,John R. Sweney,hewitt,0.491,yes
425,"Bersabdalah, Ya Yesus","Speak To My Soul, Dear Jesus",Frances Ridley Havergal,Samuel Wesley,490,"Jesus, Lover of My Soul",Charles Wesley,Simeon B. Marsh,wesley,0.49,yes
427,Ku Perlu Pada-Mu Tuhan,"Blessed Lord, How Much I Need",F. E. Belden,F. E. Belden,528,A Shelter in the Time of Storm,Vermon J. Charlesworth,F. E. Belden,belden,0.484,yes
67,Lama Tlah Dirindu,Is Your All On The Altar,E. A. H,Elisha A. Hoffman,485,I Must Tell Jesus,Elisha A. Hoffman,Elisha A. Hoffman,hoffman,0.483,yes
174,Kristus Tlah Ada Di Pintu,The Coming King Is At The Door,F. E. Belden,F. E. Belden,604,We Know Not the Hour,F. E. Belden,F. E. Belden,belden,0.48,yes
68,"Bapa, Kami Datang","Father, We Come To Thee",F. E. Belden,W. J. Bostwick,604,We Know Not the Hour,F. E. Belden,F. E. Belden,belden,0.476,yes
258,Janganlah Tawar Hatimu,Never Give Up,Frances Ridley Havergal,Sam,74,Like a River Glorious,Frances R. Havergal,James Mountain,havergal,0.471,yes
161,Ku Mau Sedia,I Want To Be Ready When Jesus Comes,,Harold A. Miller,327,I'd Rather Have Jesus,Rhea F. Miller,George Beverly Shea,miller,0.464,yes
437,Ia Allah Tak kan Gagal,He Cannot Fail For He Is God,C. E. Mason Jr,C. E. Mason Jr,375,"Work, For the Night Is Coming",Mrs. Anna L. Coghill,Lowell Mason,mason,0.464,yes
284,"Eden, Taman Yang Terindah",Beautiful Valley Of Eden,W. O. Chusing,William F. Sherwin,271,Break Thou the Bread of Life,Mary A. Lathbury,William Sherwin,sherwin,0.462,yes
510,Lebar Sperti Lautan,"Wide, Wide As The Ocean",C. Austin Miles,C. Austin Miles,487,In the Garden,C. Austin Miles,C. Austin Miles,miles,0.457,yes
312,Ku Bersuka Sebab Bapa Kita,I'm So Glad That Our Father,P. P Bliss,P. P Bliss,286,Wonderful Words of Life,P. P. Bliss,P. P. Bliss,bliss,0.453,yes
299,Ku Lihat Yesus,I See Jesus,A. H. Ackley,A. H. Ackley,426,I Shall See the King,W. C Poole,B. D. Ackley,ackley,0.452,yes
389,Satu Masa Yang Tertentu,Someday The Silver Cord Will Break,Fanny J. Crosby,George C. Stebbins,7,The Lord in Zion Reigneth,Fanny J. Crosby,Hart P. Danks,crosby,0.441,yes
63,Sembilan Puluh Sembilan,There Were Ninety And Nine,Elizabeth C. Clephane,Ira D. Sankey,208,There'll Be No Dark Valley,William O. Cushing,Ira D. Sankey,sankey,0.435,yes
270,Dosamu Dihapuskan,Tho'your Sins Be As Scarlet,Fanny J. Crosby,William H. Doane,341,To God Be the Glory,Fanny J. Crosby,Willian H. Doane,"crosby,doane",0.435,yes
430,Bisik Doa Waktu Pagi,Whisper A Prayer,Frances Rudley Havergal,Samuel Wesley,166,Christ the Lord Is Risen Today,Charles Wesley,Lyra Davidica,wesley,0.435,yes
311,Aku Mengasihi Tuhan,"I Know I Love Thee Better, Lord",Francess Ridley Havergal,R. E. Hudson,74,Like a River Glorious,Frances R. Havergal,James Mountain,havergal,0.431,yes
320,Rahmat Bapa Bercahaya,Let The Lower Lamps Be Burning,P. P Bliss,P. P Bliss,286,Wonderful Words of Life,P. P. Bliss,P. P. Bliss,bliss,0.429,yes
173,Pada Waktu Penuaian,In The Glad Time Of The Harvest,L. D Santee,Edwin Barnes,6,O Worship the Lord,J. S. B Monsell,Edwin Barnes,barnes,0.427,yes
215,"Ya Tuhan, Engkau Tlah Mati","Saviour, Thy Dying Love",Sylvanus D. Phelps,Robert Lowry,422,Marching to Zion,Isaac Watts,Robert Lowry,lowry,0.421,yes
318,Jangan Ditaklukkan,Yield Not To Temptation,Horatio R. Palmer,Horatio R. Palmer,517,My Faith Looks Up to Thee,Ray Palmer,Lowell Mason,palmer,0.417,yes
309,Betapa Merdu Suara,Angel Voices Sweetly Singing,,William J. Kirkpatrick,524,'Tis So Sweet to Trust in Jesus,Louisa M. R. Stead,William J. Kirkpatrick,kirkpatrick,0.414,yes
369,Di Kota Allah Yang Indah,In the Christian's Home in Glory,William Hunter,J. W. Dadmun,254,The Great Physician Now Is Near,William Hunter,J. H Stockton,hunter,0.413,yes
302,Pertahankan Benteng,Hold The Fort,P. P Bliss,P. P Bliss,286,Wonderful Words of Life,P. P. Bliss,P. P. Bliss,bliss,0.41,yes
296,Nama Yesus Amat Indah,Jesus Oh How Sweet The Name,W. C Martin,E. S. Lorenz,272,Give Me the Bible,Priscilla J. Owens,E. S. Lorenz,lorenz,0.409,yes
329,Kerjalah! Kerjalah!,Toiling On,Fanny J. Crosby,W. H. Doane,7,The Lord in Zion Reigneth,Fanny J. Crosby,Hart P. Danks,crosby,0.4,yes
343,Enam Hari Sudah Lalu,Another Six Days Work Is Done,S. Stennett,L. Mason,382,O Day of Rest and Gladness,Christopher Wordsworth,Lowell Mason,mason,0.4,no
289,Brani Hati Karna Benar,Dare To Do Right,G. Lansing Taylor,F. E. Belden,528,A Shelter in the Time of Storm,Vermon J. Charlesworth,F. E. Belden,belden,0.391,yes
349,Datanglah Lagi Hari Yang Suci,Again The Day Return,William Mason,,382,O Day of Rest and Gladness,Christopher Wordsworth,Lowell Mason,mason,0.391,no
267,Tarik Jiwa Satu,Take Me As I Am,,Ira D. Sankey,208,There'll Be No Dark Valley,William O. Cushing,Ira D. Sankey,sankey,0.39,yes
313,Aku Mau Yesus Sertaku,I Must Have The Saviour With Me,Lizzie Edwards Durt,John R. Sweney,152,Tell Me the Story of Jesus,Fanny J. Crosby,John R. Sweney,sweney,0.386,yes
100,Marilah Bersukacita,Let Our Hearts Be Always Cheerful,Fanny J. Crosby,Robert Lowry,341,To God Be the Glory,Fanny J. Crosby,Willian H. Doane,crosby,0.385,yes
283,"Siapa Yang Mendengar, Serukanlah",Whosoever Will,,P. P Bliss,286,Wonderful Words of Life,P. P. Bliss,P. P. Bliss,bliss,0.378,yes
140,Tak kan Lama Lagi,A Few More Years Shall Roll,Horatius Bonar,Lowell Mason,382,O Day of Rest and Gladness,Christopher Wordsworth,Lowell Mason,mason,0.377,no
216,Yesus Panggil Engkau Pulang,Jesus Is Tenderly Calling Thee Home,Fanny J. Crosby,George C. Stebbins,367,Rescue the Perishing,Fanny J. Crosby,W. H. Doane,crosby,0.364,yes
372,Sebrang Langit Biru,Somewhere Beyond The Blue,A. B. S,Alfred B. Smith,574,"O Master, Let Me Walk With Thee",Washington Gladden,H. Percy Smith,smith,0.364,yes
412,Kami Sembah Sujud Allah,"We Praise, O God, We Worship",L. E. Froom,L. E. Froom,690,"Dismiss Us, Lord, With Blessing",L. E. Froom,L. E. Froom,froom,0.364,yes
273,Dengar Lonceng Surga,Ring The Bells Of Heaven,Ref. W. O. Cushing,Rev. W. O. Cushing,208,There'll Be No Dark Valley,William O. Cushing,Ira D. Sankey,cushing,0.36,yes
502,Karena Allah Kasih,For God So Loved The World,C. Austin Miles,C. Austin Miles,487,In the Garden,C. Austin Miles,C. Austin Miles,miles,0.359,yes
14,Jika Kiranya Lidahku,O Could I Speak The Matchless,Samuel Medley,Lowell Mason,350,Blest Be the Tie That Binds,John Fawcett,Lowell Mason,mason,0.357,yes
138,Tidur Tenang Dalam Yesus,Asleep In Jesus,Margaret Mackay,William B. Bradbury,537,He Leadeth Me,J. H. Gilmore,William B. Bradbury,bradbury,0.357,yes
291,Siapa Masuk Pintu Gerbang?,Shall You? Shall I?,G. M. J,James Mc. Granahan,195,Showers of Blessing,Daniel W. Whittle,James Mc. Granahan,granahan,0.353,yes
171,Kita Dijamu Oleh Raja,Called To The Feast By The King,J. E. Landor,E. S. Lorenz,272,Give Me the Bible,Priscilla J. Owens,E. S. Lorenz,lorenz,0.351,yes
407,Duka,Heartaches,Francess Ridley Havergal,Samuel Wesley,323,O for a Heart to Praise My God!,Charles Wesley,Beaty Tudo C. M.,wesley,0.35,yes
223,"Yesus Panggil, Aku Ikut","Jesus Calls Me, I Must Follow",Howard L. Brown,Howard L. Brown,508,Anywhere With Jesus,Jessie H. Brown,D. B. Towner,brown,0.349,yes
263,Bila Selesai Tugas Kerjaku,O That Will Be Glory For Me,Charles H. Gabriel,Charles H. Gabriel,512,Just When I Need Him Most,William Poole,Charles H. Gabriel,gabriel,0.346,yes
62,Lebih Besar Dari Kasih Ibu,Dearer Than All,Alfred H. Ackley,Alfred H. Ackley,426,I Shall See the King,W. C Poole,B. D. Ackley,ackley,0.343,yes
341,Hari Perhentian Allah,"Holiday, Jehovah's Rest",F. E. Belden,F. E. Belden,253,There's No Other Name Like Jesus,F. E. Belden,F. E. Belden,belden,0.333,yes
172,Di Seluruh Dunia Nyatalah,O'er All The Land Have The Signs,W. C Cage,Henry C. Work,192,O Shepherd Divine,Herbert Work,Herbert Work,work,0.327,yes
322,Dari Timur Dan Barat,From Greenland&#39;s Icy Mountains,Reginald Heber,Lowell Mason,382,O Day of Rest and Gladness,Christopher Wordsworth,Lowell Mason,mason,0.323,no
217,"Ya Yesus, Yang Penuh Kasih","Blessed Jesus, Meek And Lowly",Annie R. Smith,In. Genevan,31,Tell Out My Soul,Timothy Dudley-Smith,Sydney Watson,smith,0.318,yes
366,"Lebih Dekat, Lebih Indah",Home Heavenly Home,Jesse P. Tompkins,B. D. Ackley,426,I Shall See the King,W. C Poole,B. D. Ackley,ackley,0.316,yes
167,Hari Yang Mulia Akan Tiba,There's A New Day Dawning,A. H. Ackley,B. D. Ackley,426,I Shall See the King,W. C Poole,B. D. Ackley,ackley,0.311,yes
43,Slamat Malam,Good Night,F. E. Belden,D. S Hakes,412,Cover With His Life,F. E Belden,F. E Belden,belden,0.308,yes
356,"Tuhan, Kasihanilah Kami Ini","Lord, Be Merciful",,George J. Elvey,616,Soldiers of Christ Arise,Charles Wesley,George J. Elvey,elvey,0.3,yes
253,Aku Tak Akan Tinggalkan,I Will Never Leave Thee,Anonymous,,246,"Worthy, Worthy Is the Lamb",Anonymous,,anonymous,0.292,yes
224,Apa Kita Hidup Dekat Yesus?,Can The World See Jesus In You,Mrs. C. H. Morris,Mrs. C. H. Morris,301,"Nearer, Still Nearer",Mrs. C. H. Morris,Mrs. C. H. Morris,morris,0.286,yes
225,Hampir Percaya,Almost Persuaded,P. P Bliss,P. P Bliss,286,Wonderful Words of Life,P. P. Bliss,P. P. Bliss,bliss,0.286,yes
60,Pada Akhir Kebaktian Ini,"Saviour, Again To Thy Dear Name",John Ellerton,E. J. Hopkins,137,We Three Kings of Orient Are,John H. Hopkins,John H. Hopkins,hopkins,0.276,yes
351,Selamat Datang,"Welcome, Delightful Morn",John Dobell's Selection,Fredrich Schneider,509,How Firm A Foundation,Rippson Selection,Wade's Cantus Diversi,selection,0.273,yes
375,Sudah Dekatlah Rumah Di Surga,Nearing Home,C. P Whitford,John R. Sweney,329,"Take the World, but Give Me Jesus",Fanny J. Crosby,John R. Sweney,sweney,0.273,yes
452,Yesus Tak Pernah Gagal,Jesus Never Falls,A. A. Luther,A. A. Luther,506,A Mighty Fortress,Marthin Luther,Martin Luther,luther,0.267,yes
495,Sungguh Senang Hatiku,It Is Morning In My Heart,A. H. Ackley,A. H. Ackley,426,I Shall See the King,W. C Poole,B. D. Ackley,ackley,0.267,yes
286,Bila Yesus Akan Mengumpulkan,When Jesus Shall Gather The Nations,Harriet B. M. Keever,John R. Sweney,152,Tell Me the Story of Jesus,Fanny J. Crosby,John R. Sweney,sweney,0.262,yes
500,Pemuda Majulah,Volunteers,A. W. Spalding,H. A. Miller,327,I'd Rather Have Jesus,Rhea F. Miller,George Beverly Shea,miller,0.258,yes
360,Ada Negri Amat Indah,O Beulah Land! Sweet Beulah Land,Edgar Page,John R. Sweney,329,"Take the World, but Give Me Jesus",Fanny J. Crosby,John R. Sweney,sweney,0.254,yes
428,Taman Tempat Berdoa,There's A Garden Where Jesus Pray,Eleanor Allen Schroll,J. H. Fillmore,539,I Will Early Seek the Savior,Mrs. L.M. B Bateman,Fred A. Fillmore,fillmore,0.23,yes
493,Doa Ibu,My Mother&#39;s Prayer,W. Van De Venter,W. S. Weeden,309,I Surrender All,J. W. Van De Venter,W. S. Weeden,"venter,weeden",0.205,yes
218,Lenyap Nafsu Dunia,"Fade, Fade Each Earthly Joy",Mrs. Catherine J. Bonar,T. E. Perkins,79,"O Love of God, How Strong and True!",Horatius Bonar,William H. Gladsrone,bonar,0.203,yes
