confidence_bucket,ls_number,ls_title,ls_english_title,sda_num,sda_title,score
exact,28,Kami Mau Lihat Yesus Juruselamat,We Would See Jesus,494,We Would See Jesus,1.0
exact,44,"Allah Khalik Langit, Bumi","God, Who Made The Earth And Heaven",47,God Who Made The Earth And Heaven,1.0
exact,58,Majulah Berjalan,On Our Way Rejoicing,68,On Our Way Rejoicing,1.0
exact,71,Ajaiblah Terbenamnya Mentari,The Wonder Of It All,75,The Wonder Of It All,1.0
exact,77,Ya Tuhanku Sungguh Ku Terpesona,How Great Thou Art,86,How Great Thou Art,1.0
exact,99,Bapaku Maha Kuasa,It Took A Miracle,111,It Took A Miracle,1.0
exact,107,Pergilah Dan Kabarkan,"Go, Tell It On The Mountain",121,Go Tell It On The Mountain,1.0
exact,112,Tlah Lahir Yesus Yang Kudus,Now Is Born The Divine Christ Child,133,Now Is Born The Divine Christ Child,1.0
exact,118,Kala Gembala Menjaga,While Shepherds Watched Their Flocks,139,While Shepherds Watched Their Flocks,1.0
exact,121,Siapa Dia Nun Di Sana?,Who Is He In Yonder Stall?,150,Who Is He In Yonder Stall,1.0
exact,124,Yesus Berjalan Sendiri,Jesus Walked This Lonesome Valley,151,Jesus Walked This Lonesome Valley,1.0
exact,143,Tirai Tlah Dibuka-Nya,The Unveiled Christ,178,The Unveiled Christ,1.0
exact,149,Siapa Yang Dapat Menghibur,All That Thrills My Soul,189,All That Thrills My Soul,1.0
exact,185,Oh Ku Kasih Tuhan,"O, How I Love Jesus",248,O How I Love Jesus,1.0
exact,195,Sungguh Indah Roh Suci,"Sweet, Sweet Spirit",262,Sweet Sweet Spirit,1.0
exact,205,Apakah Engkau Susah,Turn Your Eyes Upon Jesus,290,Turn Your Eyes Upon Jesus,1.0
exact,221,Aku Datang Skarang Yesus,"Jesus, I Come",292,Jesus I Come,1.0
exact,232,Di Tempat Yang Lebih Tinggi,Higher Ground,625,Higher Ground,1.0
exact,239,Aku Mau Menjadi Milik-Mu,Wholly Thine,308,Wholly Thine,1.0
exact,242,Ku Mau Sperti Yesus,I Would Be Like Jesus,311,I Would Be Like Jesus,1.0
exact,245,Pimpin Ku Ke Salib,Lead Me To Calvary,317,Lead Me To Calvary,1.0
exact,268,Pada Saat Berdoa,'tis The Blessed Hour Of Prayer,501,Tis The Blessed Hour Of Prayer,1.0
exact,277,Betapa Snang Aku Kabarkan,Redeemed,337,Redeemed,1.0
exact,281,Bila Pandang Salib Yesus,When I Survey The Wondrous Cross,154,When I Survey The Wondrous Cross,1.0
exact,333,Critakanlah Padaku,Live Out Thy Life Within Me,316,Live Out Thy Life Within Me,1.0
exact,336,Yesus Sahabat Manusia,"Jesus, What A Friend For Sinners",187,Jesus What A Friend For Sinners,1.0
exact,357,Kasih Yang Bahagiakan,'tis Love That Makes Us Happy,579,Tis Love That Makes Us Happy,1.0
exact,368,Di Negri Yang Cemerlang,No Night There,427,No Night There,1.0
exact,373,Ya Di Sana,Over Yonder,431,Over Yonder,1.0
exact,376,"Suci, Suci, Malaikat Memuji","Holy, Holy, Is What The Angels Sing",425,Holy Holy Is What The Angels Sing,1.0
exact,380,Bersabdalah Ya Tuhan,"Blessed Jesus, At Thy Word",60,Blessed Jesus At Thy Word,1.0
exact,386,Tak kan Berpisah Lagi,Never Part Again,449,Never Part Again,1.0
exact,403,Sering Ku Dengar Lagu,A Song Of Heaven And Homeland,472,A Song Of Heaven And Homeland,1.0
exact,405,Ada Balsem Di Gilead,Balm In Gilead,475,Balm In Gilead,1.0
exact,406,Beban Terangkat Di Kalvari,Burdens Are Lifted At Calvary,476,Burdens Are Lifted At Calvary,1.0
exact,408,"Berdiam, Berdiam",Tread Softly,479,Tread Softly,1.0
exact,414,Kupercaya,I Do Believe,486,I Do Believe,1.0
exact,417,Bak Wanita Di Sumur,"Fill My Cup, Lord",493,Fill My Cup Lord,1.0
exact,419,Bapa Ajarlah Aku,Like Jesus,492,Like Jesus,1.0
exact,441,Setiap Saat Dalam Kasih-Nya,Moment By Moment,507,Moment By Moment,1.0
exact,442,Tak Ku Mengerti Rahmat-Nya,I Know Whom I Have Believed,511,I Know Whom I Have Believed,1.0
exact,445,Percaya Yang Menang,Faith Is The Victory,608,Faith Is The Victory,1.0
exact,446,Allah Utus Yesus Putra-Nya,Because He Lives,526,Because He Lives,1.0
exact,464,Jaminan Berkat Tuhan Janji,"Blessed Assurance, Jesus Is Mine",462,Blessed Assurance Jesus Is Mine,1.0
exact,479,"Hai Kristen, Jaga!",Stand Like The Brave,610,Stand Like The Brave,1.0
exact,490,Betapa Bahagianya Di Rumah Tangga,Love At Home,652,Love At Home,1.0
exact,496,Yesus Sahabat Terindah,What A Friend We Have In Jesus,499,What A Friend We Have In Jesus,1.0
strong,9,Hai Kristen Nyanyilah,"Come Christian, Join To Sing",10,Come Christians Join To Sing,0.982
strong,34,Semua Makhluk Puji Tuhan,Let All Things Living,560,Let All Things Now Living,0.913
strong,69,Ku Mendengar Suara Tuhan,I Heard The Voice Of Jesus Say,465,I Heard The Voice Of Jesus,0.929
strong,166,Kedatangan Tuhan Tlah Dekat,&#39;tis Almost Time For The Lord To Come,212,Tis Almost Time For The Lord To Come,0.911
strong,209,Yesus Sedang Berdiri,Oh Jesus Thou Art Standing,283,O Jesus Thou Art Standing,0.98
strong,243,"Tarik Aku, Ya Yesus",Nearer The Cross,312,Near The Cross,0.933
strong,256,Ku Lihat Darah Mengalir,The Cleansing Waves,332,The Cleansing Wave,0.973
strong,278,Di Tepian Sungai Yordan,On Jordan's Storm Banks,620,On Jordans Stormy Banks,0.957
strong,297,Ada Satu Pintu Gerbang,O Depth Of Mercy,521,Depth Of Mercy,0.933
strong,314,Dalam Sibuk Kehidupan,When Cross The Crowded Ways Of Life,355,Where Cross The Crowded Ways Of Life,0.958
strong,456,Kita Membangun Di Batu Karang,We'll Build On The Rock,531,Well Build On The Rock,0.978
strong,470,"Ke Manapun Ku Mau Pergi, Tuhan",I'll Go Where You Want Me To Go,573,Ill Go Where You Want Me To Go,0.984
medium,192,Ya Roh Suci Yang Benar,"Holy Spirit, Faithful Guide",589,Holy Spirit Gracious Guest,0.731
medium,219,Yesus Batu Zaman,Hide In Thee,525,Hiding In Thee,0.846
medium,290,Duduk Dekat Kaki Yesus,Sitting At The Feet Of Jesus,577,In The Heart Of Jesus,0.735
medium,296,Nama Yesus Amat Indah,Jesus Oh How Sweet The Name,238,How Sweet The Name,0.8
medium,298,Slamat Di Lengan Yesus,Save In The Arms Of Jesus,577,In The Heart Of Jesus,0.783
medium,299,Ku Lihat Yesus,I See Jesus,492,Like Jesus,0.762
medium,320,Rahmat Bapa Bercahaya,Let The Lower Lamps Be Burning,595,Let Every Lamp Be Burning,0.836
medium,335,Dalam Kerja Rajaku,In The Service The King,426,I Shall See The King,0.744
medium,356,"Tuhan, Kasihanilah Kami Ini","Lord, Be Merciful",297,God Be Merciful To Me,0.757
medium,359,Aku Perlu Yesus,I Need Jesus,492,Like Jesus,0.727
medium,378,Rumahku Indah Di Surga,I&#39;m Going Home,437,Im Going Home,0.788
medium,498,Pemuda Skalian,We Have Heard Thy Call,453,We Have Heard,0.743
medium,502,Karena Allah Kasih,For God So Loved The World,78,For God So Loved Us,0.756
none,14,Jika Kiranya Lidahku,O Could I Speak The Matchless,,,0.607
none,17,Tuhan Lindungilah Kami,"Lord, Keep Us Safe This Night",,,0.56
none,32,Sembah Sujudlah Umat-Nya,With Reverence Let The Saints,,,0.556
none,40,"Tuhan, Pimpinlah Aku","Saviour, Lead Me Lest I Stray",,,0.558
none,43,Slamat Malam,Good Night,,,0.667
none,56,"Ya Tuhan, Iringlah Kami",The Lord Be With Us As We Bend,,,0.552
none,60,Pada Akhir Kebaktian Ini,"Saviour, Again To Thy Dear Name",,,0.578
none,61,"Ya, Tuhanku ,Tuntun Aku berjalan",Lead Thou Me On,,,0.688
none,62,Lebih Besar Dari Kasih Ibu,Dearer Than All,,,0.529
none,63,Sembilan Puluh Sembilan,There Were Ninety And Nine,,,0.533
none,64,Tiada Lain Pelindung Seperti Yesus,I Would Like To Tell You,,,0.667
none,66,Itu Nyata Di Hatiku,It's In My Heart,,,0.667
none,67,Lama Tlah Dirindu,Is Your All On The Altar,,,0.638
none,68,"Bapa, Kami Datang","Father, We Come To Thee",,,0.667
none,73,Kasih Allah,The Love Of God Is Greater Far,,,0.642
none,100,Marilah Bersukacita,Let Our Hearts Be Always Cheerful,,,0.632
none,128,Aku Mau Hidup Bagi Yesusku,Living For Jesus,,,0.684
none,138,Tidur Tenang Dalam Yesus,Asleep In Jesus,,,0.649
none,140,Tak kan Lama Lagi,A Few More Years Shall Roll,,,0.509
none,154,"Jaga, Sedia",Waiting And Watching,,,0.585
none,161,Ku Mau Sedia,I Want To Be Ready When Jesus Comes,,,0.571
none,167,Hari Yang Mulia Akan Tiba,There's A New Day Dawning,,,0.636
none,171,Kita Dijamu Oleh Raja,Called To The Feast By The King,,,0.625
none,172,Di Seluruh Dunia Nyatalah,O'er All The Land Have The Signs,,,0.6
none,173,Pada Waktu Penuaian,In The Glad Time Of The Harvest,,,0.621
none,174,Kristus Tlah Ada Di Pintu,The Coming King Is At The Door,,,0.583
none,197,Aku Dengar Hujan Berkat,"Lord, I Hear Of Shower",,,0.595
none,206,Marilah Orang Berdosa,Come Every Soul By Sin Oppressed,,,0.593
none,208,Suaramu Ku Dengar,I Am Coming Lord,,,0.7
none,215,"Ya Tuhan, Engkau Tlah Mati","Saviour, Thy Dying Love",,,0.595
none,216,Yesus Panggil Engkau Pulang,Jesus Is Tenderly Calling Thee Home,,,0.635
none,217,"Ya Yesus, Yang Penuh Kasih","Blessed Jesus, Meek And Lowly",,,0.704
none,218,Lenyap Nafsu Dunia,"Fade, Fade Each Earthly Joy",,,0.462
none,223,"Yesus Panggil, Aku Ikut","Jesus Calls Me, I Must Follow",,,0.667
none,224,Apa Kita Hidup Dekat Yesus?,Can The World See Jesus In You,,,0.667
none,225,Hampir Percaya,Almost Persuaded,,,0.516
none,253,Aku Tak Akan Tinggalkan,I Will Never Leave Thee,,,0.634
none,254,Dalam Hatiku Ada Lagu,I Have A Song That Jesus Gave Me,,,0.561
none,257,Aku Dengar Yesus Panggil,I Can Hear My Saviour Calling,,,0.56
none,258,Janganlah Tawar Hatimu,Never Give Up,,,0.552
none,260,Bawa Persembahanmu,They Brought Their Gift To Jesus,,,0.571
none,262,Hai Saudara Mengapa?,Why Not Now?,,,0.606
none,263,Bila Selesai Tugas Kerjaku,O That Will Be Glory For Me,,,0.571
none,264,Aku Tak Cinta Dunia,Is My Name Written There,,,0.553
none,266,Bawa Sgala Persepuluhanmu,"Bring Ye All Tithes, Mal. 3:10",,,0.491
none,267,Tarik Jiwa Satu,Take Me As I Am,,,0.667
none,269,Berjalanlah Di Dalam Trang,Walk In The Light,,,0.611
none,270,Dosamu Dihapuskan,Tho'your Sins Be As Scarlet,,,0.561
none,272,Bahagia Hari Itu,Happy Day,,,0.632
none,273,Dengar Lonceng Surga,Ring The Bells Of Heaven,,,0.638
none,279,Kristus Tlah Slamatkan,"Jesus Save, Jesus Save",,,0.688
none,283,"Siapa Yang Mendengar, Serukanlah",Whosoever Will,,,0.513
none,284,"Eden, Taman Yang Terindah",Beautiful Valley Of Eden,,,0.632
none,285,Ku Dengar Lagu Yang Merdu,There Comes To My Heart,,,0.615
none,286,Bila Yesus Akan Mengumpulkan,When Jesus Shall Gather The Nations,,,0.571
none,287,Satu Saja Ku Ingini,So Wash Me Thou Without Within,,,0.533
none,289,Brani Hati Karna Benar,Dare To Do Right,,,0.6
none,291,Siapa Masuk Pintu Gerbang?,Shall You? Shall I?,,,0.588
none,292,Bila Laut Kehidupanmu Berglombang,Count Your Many Blessings,,,0.642
none,294,Ku Yakin Bapa Pasti Tau,He Knows,,,0.545
none,295,"Sahabat, Teman, Pemimpin","Friends, Companions, Guides",,,0.48
none,302,Pertahankan Benteng,Hold The Fort,,,0.581
none,308,Biarkan Aku Pergi,Missionary's Farewell,,,0.478
none,309,Betapa Merdu Suara,Angel Voices Sweetly Singing,,,0.536
none,311,Aku Mengasihi Tuhan,"I Know I Love Thee Better, Lord",,,0.63
none,312,Ku Bersuka Sebab Bapa Kita,I'm So Glad That Our Father,,,0.622
none,313,Aku Mau Yesus Sertaku,I Must Have The Saviour With Me,,,0.577
none,315,Orang Asing Di Pintu,There's A Stranger At The Door,,,0.704
none,316,Bawalah Yang Hilang,"Bring Them In, Bring Them In",,,0.567
none,318,Jangan Ditaklukkan,Yield Not To Temptation,,,0.564
none,319,Mari Kita Kerja Bagi Tuhan,"Gladly, Gladly Toiling For The Master",,,0.552
none,322,Dari Timur Dan Barat,From Greenland&#39;s Icy Mountains,,,0.548
none,328,Aku Mau Membagikan Imanku,I Share My Faith,,,0.564
none,329,Kerjalah! Kerjalah!,Toiling On,,,0.522
none,331,Ada Kisah Kami Mau Critakan,We&#39;ve A Story To Tell,,,0.538
none,341,Hari Perhentian Allah,"Holiday, Jehovah's Rest",,,0.565
none,343,Enam Hari Sudah Lalu,Another Six Days Work Is Done,,,0.625
none,349,Datanglah Lagi Hari Yang Suci,Again The Day Return,,,0.606
none,351,Selamat Datang,"Welcome, Delightful Morn",,,0.522
none,360,Ada Negri Amat Indah,O Beulah Land! Sweet Beulah Land,,,0.492
none,361,Sesudah Malam,Beyond The Sunset,,,0.571
none,362,Aku Pikirkan Skarang,I Am Thinking To Day,,,0.683
none,364,Bukit–bukit Yang Permai,O The Beautiful Hills,,,0.629
none,366,"Lebih Dekat, Lebih Indah",Home Heavenly Home,,,0.649
none,369,Di Kota Allah Yang Indah,In the Christian's Home in Glory,,,0.677
none,372,Sebrang Langit Biru,Somewhere Beyond The Blue,,,0.605
none,374,Aku Mau Pulang,I'm On My Way Home,,,0.645
none,375,Sudah Dekatlah Rumah Di Surga,Nearing Home,,,0.64
none,385,Kita Hidup Skarang Ini,To Be Living Sublime,,,0.564
none,389,Satu Masa Yang Tertentu,Someday The Silver Cord Will Break,,,0.517
none,390,Angkat Nafiri,Lift Up The Trumpet,,,0.579
none,398,Kalau Kau Mau Senang,If You Want Joy,,,0.667
none,400,Bukalah Hatimu,You Must Open The Door,,,0.636
none,402,Ingat Slalu Nama Yesus,"Precious Name, O How Sweet",,,0.537
none,407,Duka,Heartaches,,,0.583
none,412,Kami Sembah Sujud Allah,"We Praise, O God, We Worship",,,0.591
none,425,"Bersabdalah, Ya Yesus","Speak To My Soul, Dear Jesus",,,0.609
none,427,Ku Perlu Pada-Mu Tuhan,"Blessed Lord, How Much I Need",,,0.542
none,428,Taman Tempat Berdoa,There's A Garden Where Jesus Pray,,,0.6
none,429,Berjagalah Skarang,Watch And Pray,,,0.552
none,430,Bisik Doa Waktu Pagi,Whisper A Prayer,,,0.611
none,437,Ia Allah Tak kan Gagal,He Cannot Fail For He Is God,,,0.612
none,452,Yesus Tak Pernah Gagal,Jesus Never Falls,,,0.645
none,453,Rindu Pada Yesus,"Precious Redeemer, My Brother",,,0.509
none,454,Hatiku Rindu,I've A Longin In My Heart For Jesus,,,0.607
none,484,Aku Senang Dan Girang Selalu,I'm So Happy And Here's The Reason Why,,,0.525
none,491,Di Rumah,-,,,0.0
none,493,Doa Ibu,My Mother&#39;s Prayer,,,0.545
none,494,Di Dalam Sengsara Dan Keluhanku,Mid Pleasures And Palaces,,,0.549
none,495,Sungguh Senang Hatiku,It Is Morning In My Heart,,,0.571
none,499,Trang Dari Surga,Heavenly Sunshine,,,0.611
none,500,Pemuda Majulah,Volunteers,,,0.483
none,501,Kumpulan Orang Muda,-,,,0.0
none,503,Pandu-pandu,Pathfinders,,,0.522
none,504,Tiada Sahabat Seperti Yesus,"No, Not One",,,0.583
none,505,Kita Maju Bersama,We'll March Along Together,,,0.636
none,506,Semua Orang Harus Tau,Everybody Ought To Know Jesus,,,0.5
none,507,Ku Tau Nama Yesus Terindah,Jesus Is The Sweetest Name I Know,,,0.59
none,508,"Tuhan, Bri Kami Setia",Lord Keeps Us Faithful,,,0.615
none,509,Dalam Hati,Into My Heart,,,0.6
none,510,Lebar Sperti Lautan,"Wide, Wide As The Ocean",,,0.553
none,511,Ajaib Engkau Ya Yesus,"Wonderful, Wonderful, Jesus",,,0.605
none,512,Apa Yang Dunia Perlu,What The World Need Is Jesus,,,0.696
none,525,Masyhurkan Karunia-Nya,Proclaim His Grace,,,0.545
